elapsed_seconds,voltage_v,raw_response,query_elapsed_ms
0.062000,7.71878046e-08,+7.71878046E-08,10.331
0.312000,7.71878046e-08,+7.71878046E-08,10.319
0.562000,8.54575033e-08,+8.54575033E-08,10.127
0.844000,9.46348518e-08,+9.46348518E-08,11.232
1.094000,9.46348518e-08,+9.46348518E-08,11.311
1.359000,7.95073543e-08,+7.95073543E-08,11.718
1.609000,7.95073543e-08,+7.95073543E-08,10.595
1.890000,8.2028607e-08,+8.20286070E-08,10.651
2.140000,8.2028607e-08,+8.20286070E-08,10.721
2.406000,8.2028607e-08,+8.20286070E-08,10.358
2.656000,7.65827078e-08,+7.65827078E-08,10.295
2.906000,7.65827078e-08,+7.65827078E-08,11.311
3.156000,8.67685563e-08,+8.67685563E-08,10.916
3.422000,8.1826907e-08,+8.18269070E-08,9.966
3.672000,8.1826907e-08,+8.18269070E-08,12.771
3.906000,8.04150072e-08,+8.04150072E-08,9.978
4.187000,8.04150072e-08,+8.04150072E-08,9.904
4.453000,7.99107573e-08,+7.99107573E-08,10.982
4.703000,7.67844078e-08,+7.67844078E-08,11.617
4.969000,7.67844078e-08,+7.67844078E-08,10.482
5.219000,8.59617564e-08,+8.59617564E-08,11.523
5.469000,8.59617564e-08,+8.59617564E-08,10.651
5.719000,7.5473358e-08,+7.54733580E-08,10.600
5.969000,9.28195187e-08,+9.28195187E-08,10.701
6.219000,9.28195187e-08,+9.28195187E-08,10.864
6.469000,8.31379217e-08,+8.31379217E-08,11.206
6.719000,8.31379217e-08,+8.31379217E-08,11.454
6.969000,8.55583209e-08,+8.55583209E-08,12.163
7.250000,8.25328219e-08,+8.25328219E-08,10.332
7.500000,8.25328219e-08,+8.25328219E-08,12.463
7.750000,9.25169688e-08,+9.25169688E-08,10.466
8.000000,9.25169688e-08,+9.25169688E-08,10.629
8.250000,7.81962732e-08,+7.81962732E-08,11.769
8.531000,8.46506712e-08,+8.46506712E-08,10.085
8.781000,8.46506712e-08,+8.46506712E-08,10.447
9.031000,9.34246185e-08,+9.34246185E-08,10.443
9.281000,9.34246185e-08,+9.34246185E-08,11.558
9.531000,7.68852236e-08,+7.68852236E-08,10.334
9.797000,8.93906197e-08,+8.93906197E-08,10.998
10.062000,8.93906197e-08,+8.93906197E-08,12.904
10.328000,8.22302924e-08,+8.22302924E-08,11.275
10.594000,8.22302924e-08,+8.22302924E-08,10.594
10.844000,8.01124428e-08,+8.01124428E-08,10.613
11.094000,9.36263399e-08,+9.36263399E-08,11.444
11.344000,9.36263399e-08,+9.36263399E-08,11.940
11.625000,8.65668414e-08,+8.65668414E-08,11.036
11.875000,8.65668414e-08,+8.65668414E-08,17.744
12.125000,8.8684691e-08,+8.86846910E-08,10.792
12.375000,9.19118903e-08,+9.19118903E-08,11.893
12.656000,9.19118903e-08,+9.19118903E-08,11.208
12.906000,9.63492893e-08,+9.63492893E-08,11.646
13.156000,9.63492893e-08,+9.63492893E-08,17.494
13.406000,8.24319923e-08,+8.24319923E-08,11.779
13.672000,7.96081929e-08,+7.96081929E-08,12.028
13.937000,7.96081929e-08,+7.96081929E-08,10.237
14.187000,8.19277424e-08,+8.19277424E-08,10.988
14.453000,1.09661548e-07,+1.09661548E-07,11.020
14.734000,1.09661548e-07,+1.09661548E-07,10.777
14.984000,7.72886971e-08,+7.72886971E-08,11.147
15.234000,7.72886971e-08,+7.72886971E-08,11.760
15.484000,9.39289478e-08,+9.39289478E-08,11.327
15.734000,8.58609475e-08,+8.58609475E-08,10.509
16.000000,8.58609475e-08,+8.58609475E-08,11.400
16.265000,9.9475698e-08,+9.94756980E-08,10.717
16.515000,9.9475698e-08,+9.94756980E-08,10.688
16.781000,8.38439474e-08,+8.38439474E-08,10.952
17.031000,8.95923976e-08,+8.95923976E-08,10.905
17.281000,8.95923976e-08,+8.95923976E-08,10.606
17.531000,9.55425479e-08,+9.55425479E-08,11.420
17.781000,9.55425479e-08,+9.55425479E-08,11.349
18.031000,8.92898476e-08,+8.92898476E-08,10.789
18.297000,8.59617975e-08,+8.59617975E-08,21.558
18.531000,8.59617975e-08,+8.59617975E-08,11.132
18.781000,8.53566923e-08,+8.53566923E-08,10.333
19.031000,8.53566923e-08,+8.53566923E-08,10.667
19.281000,9.94756925e-08,+9.94756925E-08,10.357
19.531000,9.94756925e-08,+9.94756925E-08,10.933
19.812000,8.63651923e-08,+8.63651923E-08,10.901
20.062000,8.61634923e-08,+8.61634923E-08,11.272
20.312000,8.61634923e-08,+8.61634923E-08,11.318
20.562000,9.06008924e-08,+9.06008924E-08,10.270
20.844000,9.07017424e-08,+9.07017424E-08,17.578
21.094000,9.07017424e-08,+9.07017424E-08,10.604
21.344000,9.56433924e-08,+9.56433924E-08,10.692
21.594000,9.56433924e-08,+9.56433924E-08,11.167
21.859000,9.68535925e-08,+9.68535925E-08,10.935
22.125000,9.29204424e-08,+9.29204424E-08,17.901
22.375000,9.29204424e-08,+9.29204424E-08,10.714
22.625000,9.51391424e-08,+9.51391424E-08,11.008
22.875000,9.51391424e-08,+9.51391424E-08,10.661
23.156000,1.00080766e-07,+1.00080766E-07,10.862
23.406000,9.4231467e-08,+9.42314670E-08,10.616
23.656000,9.4231467e-08,+9.42314670E-08,11.603
23.906000,8.3541368e-08,+8.35413680E-08,11.261
24.187000,8.3541368e-08,+8.35413680E-08,10.875
24.422000,9.94756665e-08,+9.94756665E-08,11.067
24.703000,9.75595167e-08,+9.75595167E-08,10.408
24.969000,9.75595167e-08,+9.75595167E-08,10.371
25.219000,9.46348669e-08,+9.46348669E-08,11.718
25.469000,9.46348669e-08,+9.46348669E-08,11.435
25.719000,9.48365669e-08,+9.48365669E-08,11.782
25.984000,9.22144672e-08,+9.22144672E-08,10.118
26.234000,9.22144672e-08,+9.22144672E-08,11.007
26.515000,9.73578167e-08,+9.73578167E-08,11.302
26.765000,9.73578167e-08,+9.73578167E-08,10.840
27.031000,8.80796176e-08,+8.80796176E-08,10.682
27.281000,9.50382629e-08,+9.50382629E-08,10.979
27.531000,9.50382629e-08,+9.50382629E-08,11.783
27.781000,9.3928913e-08,+9.39289130E-08,10.268
28.031000,9.3928913e-08,+9.39289130E-08,10.690
28.312000,9.3727213e-08,+9.37272130E-08,10.298
28.562000,9.09034133e-08,+9.09034133E-08,11.062
28.812000,9.09034133e-08,+9.09034133E-08,12.216
29.062000,1.05224112e-07,+1.05224112E-07,10.117
29.312000,1.05224112e-07,+1.05224112E-07,10.186
29.578000,9.86688625e-08,+9.86688625E-08,11.413
29.844000,9.06008634e-08,+9.06008634E-08,11.189
30.094000,9.06008634e-08,+9.06008634E-08,10.398
30.359000,9.81646125e-08,+9.81646125E-08,11.365
30.625000,9.81646125e-08,+9.81646125E-08,16.106
30.875000,9.64501627e-08,+9.64501627E-08,11.182
31.156000,1.00383312e-07,+1.00383312E-07,10.642
31.390000,1.00383312e-07,+1.00383312E-07,9.925
31.672000,9.84670971e-08,+9.84670971E-08,11.602
31.937000,9.02982503e-08,+9.02982503E-08,10.801
32.187000,9.02982503e-08,+9.02982503E-08,10.743
32.453000,9.14075999e-08,+9.14075999E-08,11.421
32.734000,9.14075999e-08,+9.14075999E-08,10.558
32.969000,9.33237491e-08,+9.33237491E-08,9.926
33.234000,1.01290896e-07,+1.01290896E-07,10.583
33.484000,1.01290896e-07,+1.01290896E-07,10.315
33.734000,9.04999502e-08,+9.04999502E-08,10.864
34.000000,9.04999502e-08,+9.04999502E-08,10.361
34.250000,9.83662471e-08,+9.83662471E-08,11.881
34.531000,9.54415983e-08,+9.54415983E-08,10.947
34.781000,9.54415983e-08,+9.54415983E-08,11.922
35.047000,9.3626299e-08,+9.36262990E-08,10.167
35.297000,9.3626299e-08,+9.36262990E-08,11.234
35.547000,9.70551976e-08,+9.70551976E-08,11.822
35.797000,9.99798223e-08,+9.99798223E-08,11.564
36.078000,9.99798223e-08,+9.99798223E-08,10.972
36.328000,1.01996821e-07,+1.01996821E-07,10.969
36.578000,1.01996821e-07,+1.01996821E-07,10.042
36.844000,1.07946968e-07,+1.07946968E-07,9.890
37.109000,9.88704729e-08,+9.88704729E-08,10.478
37.390000,9.88704729e-08,+9.88704729E-08,10.492
37.640000,9.35254256e-08,+9.35254256E-08,10.432
37.906000,9.48364749e-08,+9.48364749E-08,11.335
38.156000,9.48364749e-08,+9.48364749E-08,11.188
38.406000,1.02097671e-07,+1.02097671E-07,10.990
38.687000,1.02097671e-07,+1.02097671E-07,11.602
38.937000,9.64500741e-08,+9.64500741E-08,11.619
39.187000,8.95922775e-08,+8.95922775E-08,11.380
39.453000,8.95922775e-08,+8.95922775E-08,11.855
39.703000,9.45339251e-08,+9.45339251E-08,10.481
39.984000,9.45339251e-08,+9.45339251E-08,11.062
40.234000,1.06030786e-07,+1.06030786E-07,9.947
40.484000,9.89712901e-08,+9.89712901E-08,10.373
40.750000,9.89712901e-08,+9.89712901E-08,12.592
41.000000,9.52398425e-08,+9.52398425E-08,11.886
41.281000,9.52398425e-08,+9.52398425E-08,15.537
41.531000,8.99956459e-08,+8.99956459E-08,10.928
41.781000,9.43321931e-08,+9.43321931E-08,10.695
42.031000,9.43321931e-08,+9.43321931E-08,12.568
42.281000,9.58449421e-08,+9.58449421E-08,10.384
42.562000,9.88704401e-08,+9.88704401E-08,22.662
42.828000,9.88704401e-08,+9.88704401E-08,11.711
43.078000,1.00282339e-07,+1.00282339E-07,10.600
43.328000,1.00282339e-07,+1.00282339E-07,10.997
43.578000,1.04719736e-07,+1.04719736E-07,10.518
43.828000,1.04719736e-07,+1.04719736E-07,16.435
44.109000,9.2819444e-08,+9.28194440E-08,11.143
44.359000,1.00685709e-07,+1.00685709E-07,10.234
44.609000,1.00685709e-07,+1.00685709E-07,11.799
44.890000,1.07341804e-07,+1.07341804E-07,11.112
45.140000,9.917296e-08,+9.91729600E-08,10.423
45.390000,9.917296e-08,+9.91729600E-08,10.764
45.640000,1.07846053e-07,+1.07846053E-07,11.127
45.906000,1.07846053e-07,+1.07846053E-07,11.382
46.187000,1.01593358e-07,+1.01593358E-07,11.831
46.437000,9.74585113e-08,+9.74585113E-08,11.310
46.687000,9.74585113e-08,+9.74585113E-08,12.014
46.969000,1.06938404e-07,+1.06938404E-07,10.356
47.219000,1.06938404e-07,+1.06938404E-07,10.449
47.469000,9.02981669e-08,+9.02981669E-08,11.437
47.719000,1.06635854e-07,+1.06635854E-07,10.733
47.969000,1.06635854e-07,+1.06635854E-07,11.298
48.219000,1.03106107e-07,+1.03106107E-07,10.839
48.500000,1.03106107e-07,+1.03106107E-07,10.176
48.750000,1.00181498e-07,+1.00181498E-07,10.805
49.000000,1.00786598e-07,+1.00786598E-07,11.155
49.250000,1.00786598e-07,+1.00786598E-07,11.687
49.500000,1.09560543e-07,+1.09560543E-07,11.620
49.750000,1.09560543e-07,+1.09560543E-07,11.096
50.000000,9.83661994e-08,+9.83661994E-08,10.693
50.265000,9.79627997e-08,+9.79627997E-08,12.107
50.515000,9.79627997e-08,+9.79627997E-08,10.641
50.750000,1.03106147e-07,+1.03106147E-07,9.993
51.031000,1.03106147e-07,+1.03106147E-07,10.925
51.281000,1.01996797e-07,+1.01996797E-07,9.763
51.562000,9.63492007e-08,+9.63492007E-08,10.429
51.812000,9.63492007e-08,+9.63492007E-08,11.041
52.062000,1.03912946e-07,+1.03912946E-07,11.358
52.328000,1.03912946e-07,+1.03912946E-07,11.226
52.578000,1.00282348e-07,+1.00282348E-07,10.454
52.844000,1.05324856e-07,+1.05324856E-07,9.923
53.125000,1.05324856e-07,+1.05324856E-07,11.369
53.375000,9.77611098e-08,+9.77611098E-08,10.552
53.625000,9.77611098e-08,+9.77611098E-08,10.771
53.875000,1.09157153e-07,+1.09157153E-07,10.413
54.140000,1.17628549e-07,+1.17628549E-07,11.160
54.390000,1.17628549e-07,+1.17628549E-07,11.158
54.656000,1.02702757e-07,+1.02702757E-07,10.428
54.922000,1.03207007e-07,+1.03207007E-07,17.176
55.172000,1.03207007e-07,+1.03207007E-07,11.496
55.422000,8.93905645e-08,+8.93905645E-08,10.382
55.703000,8.93905645e-08,+8.93905645E-08,10.431
55.953000,1.04013806e-07,+1.04013806E-07,10.975
56.203000,9.23152128e-08,+9.23152128E-08,11.283
56.453000,9.23152128e-08,+9.23152128E-08,11.117
56.703000,9.79628096e-08,+9.79628096E-08,11.437
56.969000,9.79628096e-08,+9.79628096E-08,10.268
57.234000,1.0431637e-07,+1.04316370E-07,11.683
57.484000,1.07241018e-07,+1.07241018E-07,11.054
57.765000,1.07241018e-07,+1.07241018E-07,10.729
58.015000,1.05929969e-07,+1.05929969E-07,10.092
58.265000,1.05929969e-07,+1.05929969E-07,10.599
58.531000,1.02601921e-07,+1.02601921E-07,9.824
58.797000,1.05224019e-07,+1.05224019E-07,10.074
59.062000,1.05224019e-07,+1.05224019E-07,14.763
59.312000,9.72568732e-08,+9.72568732E-08,11.066
59.562000,9.72568732e-08,+9.72568732E-08,10.452
59.812000,1.05324869e-07,+1.05324869E-07,10.217
60.078000,1.10266517e-07,+1.10266517E-07,10.790
60.344000,1.10266517e-07,+1.10266517E-07,12.511
60.594000,1.0421552e-07,+1.04215520E-07,11.055
60.859000,1.0421552e-07,+1.04215520E-07,10.427
61.109000,1.12586066e-07,+1.12586066E-07,11.250
61.375000,9.21135308e-08,+9.21135308E-08,11.072
61.640000,9.21135308e-08,+9.21135308E-08,10.403
61.875000,1.01996826e-07,+1.01996826E-07,10.039
62.140000,1.01996826e-07,+1.01996826E-07,10.614
62.422000,1.02501076e-07,+1.02501076E-07,10.636
62.672000,1.02299376e-07,+1.02299376E-07,10.991
62.906000,1.02299376e-07,+1.02299376E-07,10.005
63.187000,9.33237302e-08,+9.33237302E-08,11.673
63.437000,1.04114675e-07,+1.04114675E-07,18.171
63.703000,1.04114675e-07,+1.04114675E-07,10.587
63.953000,1.30638212e-07,+1.30638212E-07,11.281
64.234000,1.30638212e-07,+1.30638212E-07,10.328
64.484000,9.52398793e-08,+9.52398793E-08,11.059
64.734000,1.11980971e-07,+1.11980971E-07,11.185
64.984000,1.11980971e-07,+1.11980971E-07,10.738
65.250000,1.03812125e-07,+1.03812125E-07,10.789
65.531000,1.03812125e-07,+1.03812125E-07,11.618
65.797000,2.34211082e-07,+2.34211082E-07,11.012
66.047000,8.0616619e-08,+8.06166190E-08,10.678
66.297000,8.0616619e-08,+8.06166190E-08,11.157
66.547000,1.1359455e-07,+1.13594550E-07,11.148
66.797000,1.1359455e-07,+1.13594550E-07,10.117
67.062000,-4.78662085e-08,-4.78662085E-08,10.619
67.312000,1.05526555e-07,+1.05526555E-07,10.950
67.562000,1.05526555e-07,+1.05526555E-07,10.555
67.828000,1.25192294e-07,+1.25192294E-07,10.800
68.078000,1.25192294e-07,+1.25192294E-07,10.788
68.344000,1.09157153e-07,+1.09157153E-07,11.138
68.625000,1.15107299e-07,+1.15107299E-07,10.220
68.875000,1.15107299e-07,+1.15107299E-07,10.698
69.125000,6.71698135e-07,+6.71698135E-07,11.360
69.375000,6.71698135e-07,+6.71698135E-07,11.745
69.656000,5.44964837e-08,+5.44964837E-08,10.359
69.906000,1.05526568e-07,+1.05526568E-07,11.033
70.156000,1.05526568e-07,+1.05526568E-07,10.338
70.422000,9.85679214e-08,+9.85679214E-08,11.512
70.672000,1.07846117e-07,+1.07846117E-07,12.383
70.937000,1.07846117e-07,+1.07846117E-07,11.132
71.219000,1.0209767e-07,+1.02097670E-07,11.524
71.469000,1.0209767e-07,+1.02097670E-07,10.519
71.719000,1.04921468e-07,+1.04921468E-07,10.790
72.000000,1.13090314e-07,+1.13090314E-07,10.563
72.250000,1.13090314e-07,+1.13090314E-07,11.086
72.484000,1.07846117e-07,+1.07846117E-07,10.098
72.781000,1.07846117e-07,+1.07846117E-07,10.426
73.031000,1.03207019e-07,+1.03207019E-07,10.737
73.281000,1.0058492e-07,+1.00584920E-07,10.787
73.531000,1.0058492e-07,+1.00584920E-07,12.383
73.797000,1.13897114e-07,+1.13897114E-07,10.866
74.047000,1.13897114e-07,+1.13897114E-07,11.277
74.297000,1.03509579e-07,+1.03509579E-07,11.264
74.578000,1.08451226e-07,+1.08451226E-07,11.176
74.828000,1.08451226e-07,+1.08451226E-07,11.490
75.094000,1.0018153e-07,+1.00181530E-07,10.034
75.359000,9.75594314e-08,+9.75594314E-08,14.285
75.609000,9.75594314e-08,+9.75594314E-08,10.314
75.859000,1.17023472e-07,+1.17023472E-07,10.691
76.140000,1.17023472e-07,+1.17023472E-07,11.331
76.390000,1.11678425e-07,+1.11678425E-07,10.818
76.640000,1.07140177e-07,+1.07140177E-07,10.115
76.906000,1.07140177e-07,+1.07140177E-07,10.696
77.187000,1.02400229e-07,+1.02400229E-07,11.313
77.437000,1.02400229e-07,+1.02400229E-07,10.603
77.687000,1.06938477e-07,+1.06938477E-07,10.629
77.969000,1.09358876e-07,+1.09358876E-07,10.683
78.219000,1.09358876e-07,+1.09358876E-07,10.434
78.469000,9.40296921e-08,+9.40296921E-08,11.837
78.719000,9.40296921e-08,+9.40296921E-08,11.106
79.000000,1.16014983e-07,+1.16014983E-07,10.655
79.250000,1.11375885e-07,+1.11375885E-07,10.737
79.500000,1.11375885e-07,+1.11375885E-07,12.320
79.765000,1.09560585e-07,+1.09560585E-07,11.456
80.015000,1.09560585e-07,+1.09560585E-07,10.999
80.297000,1.09258036e-07,+1.09258036E-07,11.622
80.547000,1.24082979e-07,+1.24082979E-07,11.265
80.797000,1.24082979e-07,+1.24082979E-07,10.033
81.062000,1.09358885e-07,+1.09358885E-07,11.479
81.328000,2.50548825e-07,+2.50548825E-07,21.620
81.578000,2.50548825e-07,+2.50548825E-07,10.477
81.828000,1.12787784e-07,+1.12787784E-07,11.473
82.094000,1.12787784e-07,+1.12787784E-07,10.682
82.375000,1.34873925e-07,+1.34873925E-07,11.259
82.625000,1.31444991e-07,+1.31444991E-07,10.762
82.875000,1.31444991e-07,+1.31444991E-07,10.688
83.125000,1.05929955e-07,+1.05929955E-07,10.448
83.390000,1.05929955e-07,+1.05929955E-07,10.923
83.640000,1.04921456e-07,+1.04921456E-07,11.346
83.906000,1.02198507e-07,+1.02198507E-07,10.883
84.187000,1.02198507e-07,+1.02198507E-07,12.324
84.437000,1.13695401e-07,+1.13695401E-07,11.269
84.687000,1.13695401e-07,+1.13695401E-07,11.758
84.937000,1.75314716e-07,+1.75314716E-07,10.695
85.187000,1.14401351e-07,+1.14401351E-07,10.258
85.453000,1.14401351e-07,+1.14401351E-07,11.989
85.734000,1.48892031e-07,+1.48892031E-07,10.622
85.984000,1.48892031e-07,+1.48892031E-07,11.264
86.250000,1.23074446e-07,+1.23074446E-07,10.855
86.500000,1.19141298e-07,+1.19141298E-07,10.068
86.750000,1.19141298e-07,+1.19141298E-07,10.418
87.000000,1.10669879e-07,+1.10669879E-07,11.366
87.250000,1.10669879e-07,+1.10669879E-07,11.318
87.531000,1.75617237e-07,+1.75617237E-07,11.011
87.765000,2.44598591e-07,+2.44598591E-07,10.038
88.062000,2.44598591e-07,+2.44598591E-07,11.550
88.312000,1.99922071e-07,+1.99922071E-07,10.466
88.562000,1.16620026e-07,+1.16620026E-07,16.809
88.797000,1.16620026e-07,+1.16620026E-07,9.978
89.078000,9.22143416e-08,+9.22143416E-08,10.251
89.328000,9.22143416e-08,+9.22143416E-08,11.850
89.578000,1.08552031e-07,+1.08552031E-07,10.900
89.844000,1.08451181e-07,+1.08451181E-07,10.113
90.125000,1.08451181e-07,+1.08451181E-07,11.273
90.375000,6.417806e-08,+6.41780600E-08,11.431
90.625000,6.417806e-08,+6.41780600E-08,11.234
90.875000,8.48522964e-08,+8.48522964E-08,10.650
91.125000,1.06030796e-07,+1.06030796E-07,10.650
91.406000,1.06030796e-07,+1.06030796E-07,10.747
91.656000,9.70551516e-08,+9.70551516E-08,12.141
91.906000,9.70551516e-08,+9.70551516E-08,11.258
92.156000,1.23074436e-07,+1.23074436E-07,10.596
92.422000,9.93747003e-08,+9.93747003E-08,11.522
92.672000,9.93747003e-08,+9.93747003E-08,10.708
92.953000,1.20754887e-07,+1.20754887E-07,11.475
93.203000,1.20754887e-07,+1.20754887E-07,10.306
93.453000,1.02803598e-07,+1.02803598E-07,11.195
93.703000,1.25898234e-07,+1.25898234E-07,10.005
93.969000,1.25898234e-07,+1.25898234E-07,11.201
94.250000,1.42034225e-07,+1.42034225E-07,10.535
94.484000,1.42034225e-07,+1.42034225E-07,9.962
94.765000,1.17361028e-08,+1.17361028E-08,10.117
95.031000,-7.29778463e-08,-7.29778463E-08,11.507
95.297000,-7.29778463e-08,-7.29778463E-08,11.767
95.562000,1.1893953e-07,+1.18939530E-07,11.270
95.812000,1.17628481e-07,+1.17628481E-07,9.972
96.094000,1.17628481e-07,+1.17628481E-07,10.476
96.344000,1.12485135e-07,+1.12485135E-07,10.451
96.609000,1.12485135e-07,+1.12485135E-07,10.835
96.859000,1.1843528e-07,+1.18435280E-07,10.242
97.125000,1.22670977e-07,+1.22670977E-07,10.075
97.406000,1.22670977e-07,+1.22670977E-07,10.936
97.656000,1.23982026e-07,+1.23982026E-07,11.617
97.890000,1.23982026e-07,+1.23982026E-07,11.118
98.156000,1.1904038e-07,+1.19040380E-07,10.625
98.422000,1.22166727e-07,+1.22166727E-07,10.405
98.672000,1.22166727e-07,+1.22166727E-07,10.683
98.937000,1.25393925e-07,+1.25393925E-07,10.617
99.187000,1.25393925e-07,+1.25393925E-07,10.612
99.453000,1.15712333e-07,+1.15712333E-07,11.899
99.719000,1.19242038e-07,+1.19242038E-07,11.414
99.969000,1.19242038e-07,+1.19242038E-07,11.035
100.234000,1.2690663e-07,+1.26906630E-07,11.000
100.515000,1.20553087e-07,+1.20553087E-07,10.602
100.765000,1.20553087e-07,+1.20553087E-07,10.291
101.015000,1.30738926e-07,+1.30738926E-07,11.271
101.265000,1.30738926e-07,+1.30738926E-07,10.875
101.515000,1.21964985e-07,+1.21964985E-07,10.488
101.781000,1.35176322e-07,+1.35176322E-07,10.499
102.031000,1.35176322e-07,+1.35176322E-07,11.118
102.297000,1.33260174e-07,+1.33260174E-07,10.527
102.547000,1.33260174e-07,+1.33260174E-07,10.136
102.812000,1.31747425e-07,+1.31747425E-07,11.043
103.062000,1.2720918e-07,+1.27209180E-07,11.206
103.328000,1.2720918e-07,+1.27209180E-07,10.392
103.578000,1.28822778e-07,+1.28822778E-07,11.781
103.844000,1.28822778e-07,+1.28822778E-07,10.826
104.125000,1.31545687e-07,+1.31545687E-07,10.378
104.375000,1.27007442e-07,+1.27007442E-07,10.871
104.625000,1.27007442e-07,+1.27007442E-07,12.548
104.875000,1.44555322e-07,+1.44555322E-07,11.330
105.125000,1.44555322e-07,+1.44555322E-07,10.753
105.406000,1.34873733e-07,+1.34873733E-07,10.248
105.656000,1.28621041e-07,+1.28621041E-07,10.917
105.906000,1.28621041e-07,+1.28621041E-07,11.053
106.156000,1.2912529e-07,+1.29125290E-07,11.315
106.406000,1.2912529e-07,+1.29125290E-07,10.166
106.656000,1.33260135e-07,+1.33260135E-07,10.994
106.906000,1.34672034e-07,+1.34672034E-07,9.993
107.172000,1.34672034e-07,+1.34672034E-07,11.008
107.422000,1.30032939e-07,+1.30032939E-07,10.871
107.703000,1.30032939e-07,+1.30032939E-07,10.850
107.953000,1.40420477e-07,+1.40420477E-07,11.216
108.219000,1.41227228e-07,+1.41227228E-07,10.531
108.469000,1.41227228e-07,+1.41227228E-07,9.955
108.734000,1.32554139e-07,+1.32554139E-07,10.353
108.984000,1.32554139e-07,+1.32554139E-07,16.585
109.265000,1.4687482e-07,+1.46874820E-07,11.241
109.515000,1.36184734e-07,+1.36184734E-07,11.012
109.765000,1.36184734e-07,+1.36184734E-07,10.345
110.031000,1.43647624e-07,+1.43647624E-07,11.200
110.281000,1.45462922e-07,+1.45462922E-07,10.983
110.562000,1.45462922e-07,+1.45462922E-07,10.897
110.812000,1.37697482e-07,+1.37697482E-07,12.295
111.062000,1.37697482e-07,+1.37697482E-07,10.394
111.312000,1.4687482e-07,+1.46874820E-07,10.032
111.562000,1.37596632e-07,+1.37596632E-07,19.789
111.828000,1.37596632e-07,+1.37596632E-07,11.210
112.078000,1.43647624e-07,+1.43647624E-07,11.332
112.328000,1.43647624e-07,+1.43647624E-07,11.323
112.578000,1.61699798e-07,+1.61699798E-07,10.655
112.844000,1.44757018e-07,+1.44757018E-07,10.517
113.094000,1.44757018e-07,+1.44757018E-07,11.057
113.344000,1.42235771e-07,+1.42235771E-07,10.726
113.594000,1.42235771e-07,+1.42235771E-07,10.887
113.859000,1.4324427e-07,+1.43244270E-07,11.563
114.140000,1.35882228e-07,+1.35882228E-07,10.940
114.390000,1.35882228e-07,+1.35882228E-07,11.188
114.640000,1.32957582e-07,+1.32957582E-07,11.776
114.906000,1.32957582e-07,+1.32957582E-07,11.183
115.156000,1.33764381e-07,+1.33764381E-07,10.737
115.422000,1.41126422e-07,+1.41126422E-07,11.141
115.672000,1.41126422e-07,+1.41126422E-07,10.233
115.937000,1.37697526e-07,+1.37697526E-07,11.041
116.203000,1.37697526e-07,+1.37697526E-07,10.137
116.484000,1.39008575e-07,+1.39008575E-07,10.747
116.734000,1.36689069e-07,+1.36689069E-07,10.614
117.000000,1.36689069e-07,+1.36689069E-07,11.448
117.250000,1.46774059e-07,+1.46774059E-07,10.763
117.500000,1.46774059e-07,+1.46774059E-07,10.673
117.750000,1.38403518e-07,+1.38403518E-07,10.619
118.015000,1.36689069e-07,+1.36689069E-07,11.846
118.281000,1.36689069e-07,+1.36689069E-07,10.907
118.531000,1.37193319e-07,+1.37193319E-07,10.838
118.812000,1.49597856e-07,+1.49597856E-07,10.439
119.062000,1.49597856e-07,+1.49597856E-07,10.642
119.312000,1.45463011e-07,+1.45463011E-07,11.803
119.562000,1.45463011e-07,+1.45463011E-07,10.764
119.844000,1.39613716e-07,+1.39613716E-07,10.420
120.094000,1.3598312e-07,+1.35983120E-07,10.998
120.344000,1.3598312e-07,+1.35983120E-07,11.128
120.609000,1.37899268e-07,+1.37899268E-07,10.333
120.859000,1.37899268e-07,+1.37899268E-07,10.582
121.140000,1.32251734e-07,+1.32251734E-07,10.403
121.390000,1.34772982e-07,+1.34772982E-07,10.511
121.640000,1.34772982e-07,+1.34772982E-07,10.879
121.890000,1.42639276e-07,+1.42639276E-07,10.606
122.156000,1.42639276e-07,+1.42639276E-07,10.585
122.406000,1.52320868e-07,+1.52320868E-07,9.971
122.687000,1.3689083e-07,+1.36890830E-07,10.729
122.937000,1.3689083e-07,+1.36890830E-07,14.588
123.187000,1.43849475e-07,+1.43849475E-07,10.836
123.453000,1.43849475e-07,+1.43849475E-07,11.535
123.703000,1.40622277e-07,+1.40622277E-07,10.718
123.984000,1.54337867e-07,+1.54337867E-07,10.422
124.234000,1.54337867e-07,+1.54337867E-07,10.508
124.484000,1.44051175e-07,+1.44051175E-07,10.898
124.750000,1.44051175e-07,+1.44051175E-07,13.142
125.031000,1.44051175e-07,+1.44051175E-07,10.699
125.281000,1.46875074e-07,+1.46875074E-07,11.926
125.515000,1.46875074e-07,+1.46875074E-07,10.041
125.812000,1.44454675e-07,+1.44454675E-07,11.677
126.062000,1.48286973e-07,+1.48286973E-07,11.611
126.328000,1.48286973e-07,+1.48286973E-07,11.895
126.609000,1.43345325e-07,+1.43345325E-07,10.910
126.859000,1.43345325e-07,+1.43345325E-07,10.828
127.125000,1.41025776e-07,+1.41025776E-07,10.776
127.375000,1.43446175e-07,+1.43446175E-07,10.580
127.625000,1.43446175e-07,+1.43446175E-07,12.808
127.875000,1.47480173e-07,+1.47480173E-07,11.187
128.156000,1.42639375e-07,+1.42639375E-07,22.856
128.422000,1.42639375e-07,+1.42639375E-07,10.563
128.672000,1.45463174e-07,+1.45463174E-07,11.617
128.922000,1.45463174e-07,+1.45463174E-07,11.666
129.187000,1.50203122e-07,+1.50203122E-07,11.141
129.437000,1.50606403e-07,+1.50606403E-07,12.118
129.703000,1.50606403e-07,+1.50606403E-07,10.131
129.984000,1.41126511e-07,+1.41126511E-07,10.726
130.234000,1.41126511e-07,+1.41126511E-07,10.663
130.484000,1.52220002e-07,+1.52220002E-07,10.348
130.734000,1.49295355e-07,+1.49295355E-07,11.254
130.984000,1.49295355e-07,+1.49295355E-07,10.516
131.265000,1.52119152e-07,+1.52119152E-07,11.510
131.515000,1.52119152e-07,+1.52119152E-07,10.639
131.765000,1.43748609e-07,+1.43748609E-07,10.331
132.031000,1.55951449e-07,+1.55951449E-07,11.065
132.281000,1.55951449e-07,+1.55951449E-07,11.508
132.547000,1.4263926e-07,+1.42639260E-07,10.521
132.797000,1.4263926e-07,+1.42639260E-07,11.253
133.062000,1.4243756e-07,+1.42437560E-07,11.585
133.312000,1.47076656e-07,+1.47076656E-07,10.934
133.594000,1.47076656e-07,+1.47076656E-07,10.937
133.844000,1.49093691e-07,+1.49093691E-07,11.366
134.094000,1.49093691e-07,+1.49093691E-07,10.960
134.344000,1.47177542e-07,+1.47177542E-07,11.068
134.625000,1.54942987e-07,+1.54942987E-07,11.176
134.875000,1.54942987e-07,+1.54942987E-07,10.880
135.125000,1.44857994e-07,+1.44857994E-07,10.327
135.375000,1.44857994e-07,+1.44857994E-07,11.456
135.625000,1.34067052e-07,+1.34067052E-07,10.348
135.890000,1.46269893e-07,+1.46269893E-07,10.833
136.156000,1.46269893e-07,+1.46269893E-07,11.050
136.406000,1.39613798e-07,+1.39613798E-07,10.354
136.687000,1.42336746e-07,+1.42336746E-07,10.363
136.937000,1.42336746e-07,+1.42336746E-07,11.507
137.187000,1.43446095e-07,+1.43446095E-07,11.960
137.453000,1.43446095e-07,+1.43446095E-07,10.898
137.734000,1.37697649e-07,+1.37697649E-07,11.911
137.984000,1.50404741e-07,+1.50404741E-07,10.952
138.234000,1.50404741e-07,+1.50404741E-07,10.093
138.484000,1.38504449e-07,+1.38504449E-07,11.496
138.734000,1.38504449e-07,+1.38504449E-07,10.793
139.015000,1.48891992e-07,+1.48891992E-07,11.444
139.265000,1.47580943e-07,+1.47580943E-07,10.924
139.515000,1.47580943e-07,+1.47580943E-07,10.390
139.765000,1.43849496e-07,+1.43849496E-07,10.643
140.047000,1.43849496e-07,+1.43849496E-07,11.425
140.297000,1.45463095e-07,+1.45463095E-07,10.551
140.547000,1.40823998e-07,+1.40823998E-07,10.151
140.812000,1.40823998e-07,+1.40823998E-07,10.752
141.078000,1.39916348e-07,+1.39916348E-07,10.681
141.328000,1.39916348e-07,+1.39916348E-07,10.903
141.594000,1.48992842e-07,+1.48992842E-07,10.884
141.844000,1.44757145e-07,+1.44757145E-07,10.578
142.125000,1.44757145e-07,+1.44757145E-07,10.163
142.375000,1.42941784e-07,+1.42941784E-07,10.232
142.625000,1.42941784e-07,+1.42941784E-07,10.210
142.890000,1.49295328e-07,+1.49295328E-07,11.254
143.140000,1.41025636e-07,+1.41025636E-07,10.912
143.422000,1.41025636e-07,+1.41025636E-07,10.715
143.672000,1.3618484e-07,+1.36184840E-07,11.413
143.922000,1.39311187e-07,+1.39311187E-07,13.817
144.172000,1.39311187e-07,+1.39311187E-07,10.088
144.437000,1.51110626e-07,+1.51110626E-07,11.239
144.687000,1.51110626e-07,+1.51110626E-07,11.314
144.953000,1.39412037e-07,+1.39412037E-07,11.881
145.219000,1.40521386e-07,+1.40521386E-07,10.821
145.469000,1.40521386e-07,+1.40521386E-07,10.604
145.719000,1.44757082e-07,+1.44757082E-07,11.503
145.984000,1.44757082e-07,+1.44757082E-07,11.273
146.265000,1.36991639e-07,+1.36991639E-07,11.468
146.515000,1.44152111e-07,+1.44152111E-07,9.964
146.765000,1.44152111e-07,+1.44152111E-07,10.599
147.047000,1.47782709e-07,+1.47782709E-07,11.173
147.297000,1.47782709e-07,+1.47782709E-07,11.498
147.531000,1.42135112e-07,+1.42135112E-07,10.099
147.828000,1.50404808e-07,+1.50404808E-07,10.185
148.078000,1.50404808e-07,+1.50404808E-07,12.729
148.328000,1.48085259e-07,+1.48085259E-07,10.922
148.609000,1.43547011e-07,+1.43547011E-07,17.976
148.859000,1.43547011e-07,+1.43547011E-07,10.997
149.140000,1.30940767e-07,+1.30940767E-07,12.346
149.390000,1.30940767e-07,+1.30940767E-07,11.425
149.672000,1.40319813e-07,+1.40319813E-07,11.316
149.922000,1.37496014e-07,+1.37496014E-07,10.064
150.172000,1.37496014e-07,+1.37496014E-07,10.963
150.422000,1.4626996e-07,+1.46269960E-07,11.433
150.672000,1.4626996e-07,+1.46269960E-07,10.654
150.906000,1.47076698e-07,+1.47076698E-07,10.723
151.187000,1.436478e-07,+1.43647800E-07,10.995
151.437000,1.436478e-07,+1.43647800E-07,11.144
151.687000,1.41025702e-07,+1.41025702E-07,11.354
151.953000,1.41025702e-07,+1.41025702E-07,11.271
152.219000,1.46370748e-07,+1.46370748E-07,11.044
152.484000,1.35478956e-07,+1.35478956E-07,10.067
152.750000,1.35478956e-07,+1.35478956E-07,10.691
153.000000,1.45967349e-07,+1.45967349E-07,10.891
153.234000,1.45967349e-07,+1.45967349E-07,10.865
153.500000,1.38302754e-07,+1.38302754E-07,11.332
153.765000,1.31545809e-07,+1.31545809E-07,10.178
154.031000,1.31545809e-07,+1.31545809E-07,10.419
154.281000,1.37798504e-07,+1.37798504E-07,10.701
154.531000,1.37798504e-07,+1.37798504E-07,11.359
154.797000,1.442529e-07,+1.44252900E-07,11.556
155.047000,1.37092596e-07,+1.37092596E-07,10.921
155.297000,1.37092596e-07,+1.37092596E-07,11.506
155.562000,1.42740193e-07,+1.42740193E-07,10.211
155.828000,1.42740193e-07,+1.42740193E-07,10.731
156.094000,1.45866542e-07,+1.45866542E-07,10.507
156.359000,1.4879119e-07,+1.48791190E-07,10.472
156.609000,1.4879119e-07,+1.48791190E-07,11.233
156.875000,1.42437644e-07,+1.42437644E-07,10.527
157.140000,1.43244443e-07,+1.43244443E-07,10.641
157.406000,1.43244443e-07,+1.43244443E-07,11.197
157.687000,1.34369648e-07,+1.34369648E-07,10.725
157.937000,1.34369648e-07,+1.34369648E-07,10.661
158.187000,1.44757192e-07,+1.44757192E-07,10.662
158.437000,1.45059742e-07,+1.45059742E-07,11.723
158.687000,1.45059742e-07,+1.45059742E-07,10.223
158.937000,1.37193446e-07,+1.37193446E-07,11.130
159.219000,1.37193446e-07,+1.37193446E-07,11.303
159.469000,1.35378185e-07,+1.35378185E-07,10.048
159.703000,1.40118133e-07,+1.40118133E-07,11.300
159.984000,1.40118133e-07,+1.40118133E-07,10.334
160.234000,1.44656381e-07,+1.44656381E-07,10.236
160.500000,1.44656381e-07,+1.44656381E-07,11.099
160.750000,1.39513033e-07,+1.39513033E-07,12.385
160.984000,1.36689234e-07,+1.36689234E-07,10.838
161.250000,1.36689234e-07,+1.36689234E-07,11.239
161.500000,1.43748731e-07,+1.43748731E-07,10.341
161.765000,1.43748731e-07,+1.43748731E-07,10.726
162.015000,1.39714733e-07,+1.39714733E-07,11.425
162.281000,1.43446181e-07,+1.43446181E-07,10.741
162.547000,1.43446181e-07,+1.43446181E-07,12.353
162.812000,1.37899434e-07,+1.37899434E-07,11.235
163.094000,1.4758103e-07,+1.47581030E-07,21.734
163.344000,1.4758103e-07,+1.47581030E-07,11.627
163.594000,1.44454603e-07,+1.44454603E-07,10.697
163.859000,1.44454603e-07,+1.44454603E-07,10.714
164.125000,1.490937e-07,+1.49093700E-07,10.820
164.390000,1.49900499e-07,+1.49900499E-07,10.780
164.656000,1.49900499e-07,+1.49900499E-07,11.015
164.906000,1.38807007e-07,+1.38807007E-07,10.053
165.172000,1.38807007e-07,+1.38807007E-07,10.855
165.422000,1.43143554e-07,+1.43143554E-07,11.645
165.703000,1.44858003e-07,+1.44858003E-07,10.827
165.953000,1.44858003e-07,+1.44858003E-07,10.938
166.203000,1.39613806e-07,+1.39613806E-07,11.247
166.453000,1.39613806e-07,+1.39613806E-07,11.500
166.703000,1.41529955e-07,+1.41529955E-07,11.368
166.937000,1.3396621e-07,+1.33966210E-07,9.966
167.219000,1.3396621e-07,+1.33966210E-07,9.806
167.469000,1.38000207e-07,+1.38000207E-07,10.760
167.703000,1.38000207e-07,+1.38000207E-07,10.880
167.984000,1.44555476e-07,+1.44555476E-07,11.313
168.234000,1.42034227e-07,+1.42034227E-07,10.731
168.515000,1.42034227e-07,+1.42034227E-07,12.779
168.765000,1.41933377e-07,+1.41933377E-07,10.903
169.015000,1.41933377e-07,+1.41933377E-07,10.737
169.281000,1.3759683e-07,+1.37596830E-07,10.602
169.531000,1.35680681e-07,+1.35680681E-07,10.415
169.797000,1.35680681e-07,+1.35680681E-07,14.481
170.047000,1.36184931e-07,+1.36184931E-07,10.694
170.297000,1.36184931e-07,+1.36184931E-07,10.775
170.547000,1.33966232e-07,+1.33966232E-07,11.869
170.781000,1.38302779e-07,+1.38302779E-07,10.671
171.062000,1.38302779e-07,+1.38302779E-07,10.367
171.312000,1.38302779e-07,+1.38302779E-07,10.973
171.562000,1.38302779e-07,+1.38302779E-07,11.275
171.812000,1.39210429e-07,+1.39210429E-07,10.371
172.062000,1.4082392e-07,+1.40823920E-07,11.815
172.312000,1.4082392e-07,+1.40823920E-07,10.028
172.562000,1.50303811e-07,+1.50303811E-07,10.066
172.844000,1.50303811e-07,+1.50303811E-07,10.533
173.125000,1.38403523e-07,+1.38403523E-07,11.254
173.359000,1.34369527e-07,+1.34369527E-07,10.791
173.625000,1.34369527e-07,+1.34369527E-07,13.090
173.890000,1.39109472e-07,+1.39109472E-07,11.092
174.172000,1.43244318e-07,+1.43244318E-07,21.201
174.422000,1.43244318e-07,+1.43244318E-07,10.446
174.703000,1.37395024e-07,+1.37395024E-07,10.694
174.937000,1.37395024e-07,+1.37395024E-07,10.864
175.203000,1.28822782e-07,+1.28822782E-07,10.770
175.469000,1.36487375e-07,+1.36487375E-07,11.002
175.750000,1.36487375e-07,+1.36487375E-07,10.945
175.984000,1.39916271e-07,+1.39916271E-07,10.446
176.250000,1.39916271e-07,+1.39916271E-07,10.899
176.531000,1.41227311e-07,+1.41227311E-07,10.400
176.781000,1.35075467e-07,+1.35075467E-07,10.467
177.031000,1.35075467e-07,+1.35075467E-07,11.698
177.281000,1.33865268e-07,+1.33865268E-07,10.264
177.547000,1.33865268e-07,+1.33865268E-07,10.585
177.797000,1.49497002e-07,+1.49497002E-07,10.928
178.047000,1.31344021e-07,+1.31344021E-07,10.499
178.297000,1.31344021e-07,+1.31344021E-07,11.028
178.531000,1.40117962e-07,+1.40117962E-07,10.587
178.797000,1.40117962e-07,+1.40117962E-07,9.973
179.078000,1.24082828e-07,+1.24082828E-07,10.659
179.328000,1.38706063e-07,+1.38706063E-07,10.066
179.578000,1.38706063e-07,+1.38706063E-07,11.585
179.844000,1.40319662e-07,+1.40319662E-07,10.956
180.125000,1.40319662e-07,+1.40319662E-07,16.099
180.375000,1.4213496e-07,+1.42134960E-07,10.164
180.640000,1.42840921e-07,+1.42840921E-07,10.679
180.875000,1.42840921e-07,+1.42840921E-07,9.996
181.156000,1.45765568e-07,+1.45765568E-07,10.052
181.406000,1.45765568e-07,+1.45765568E-07,16.316
181.656000,1.40924773e-07,+1.40924773E-07,11.066
181.906000,1.4354687e-07,+1.43546870E-07,10.591
182.187000,1.4354687e-07,+1.43546870E-07,10.373
182.437000,1.39815424e-07,+1.39815424E-07,10.242
182.703000,1.31041483e-07,+1.31041483E-07,11.146
182.953000,1.31041483e-07,+1.31041483E-07,10.325
183.203000,1.29327034e-07,+1.29327034E-07,10.069
183.453000,1.29327034e-07,+1.29327034E-07,11.389
183.719000,1.34672079e-07,+1.34672079E-07,11.103
183.969000,1.36285677e-07,+1.36285677E-07,10.966
184.250000,1.36285677e-07,+1.36285677E-07,10.921
184.500000,1.36083978e-07,+1.36083978E-07,11.007
184.750000,1.36083978e-07,+1.36083978E-07,10.507
185.015000,1.32957669e-07,+1.32957669E-07,10.495
185.265000,1.24183726e-07,+1.24183726E-07,11.497
185.531000,1.24183726e-07,+1.24183726E-07,10.268
185.797000,1.4374861e-07,+1.43748610E-07,11.175
186.047000,1.4374861e-07,+1.43748610E-07,11.296
186.328000,1.3104152e-07,+1.31041520E-07,10.511
186.578000,1.29327072e-07,+1.29327072E-07,10.575
186.828000,1.29327072e-07,+1.29327072E-07,11.555
187.078000,1.38605264e-07,+1.38605264E-07,10.752
187.328000,1.38605264e-07,+1.38605264E-07,11.035
187.578000,1.46068158e-07,+1.46068158E-07,11.162
187.844000,1.34268718e-07,+1.34268718E-07,11.169
188.109000,1.34268718e-07,+1.34268718E-07,12.196
188.359000,1.38706114e-07,+1.38706114E-07,11.007
188.640000,1.38706114e-07,+1.38706114E-07,11.837
188.890000,1.35579767e-07,+1.35579767E-07,10.526
189.140000,1.33764434e-07,+1.33764434E-07,11.014
189.390000,1.33764434e-07,+1.33764434E-07,12.070
189.640000,1.34066984e-07,+1.34066984E-07,11.477
189.922000,1.34066984e-07,+1.34066984E-07,10.327
190.172000,1.43647725e-07,+1.43647725E-07,10.851
190.422000,1.33764434e-07,+1.33764434E-07,11.170
190.672000,1.33764434e-07,+1.33764434E-07,10.513
190.922000,1.35176333e-07,+1.35176333E-07,11.383
191.187000,1.35176333e-07,+1.35176333E-07,10.140
191.437000,1.30335537e-07,+1.30335537E-07,11.094
191.687000,1.2761259e-07,+1.27612590E-07,11.059
191.953000,1.2761259e-07,+1.27612590E-07,12.346
192.203000,1.40117978e-07,+1.40117978E-07,11.088
192.453000,1.40117978e-07,+1.40117978E-07,11.147
192.734000,1.3779843e-07,+1.37798430E-07,10.889
192.984000,1.39311179e-07,+1.39311179E-07,11.262
193.234000,1.39311179e-07,+1.39311179E-07,11.603
193.484000,1.36487409e-07,+1.36487409E-07,10.555
193.765000,1.36487409e-07,+1.36487409E-07,16.434
194.000000,1.39109507e-07,+1.39109507E-07,10.104
194.281000,1.3598316e-07,+1.35983160E-07,11.753
194.531000,1.3598316e-07,+1.35983160E-07,10.826
194.797000,1.36386559e-07,+1.36386559E-07,10.793
195.062000,1.3588231e-07,+1.35882310E-07,11.364
195.344000,1.3588231e-07,+1.35882310E-07,10.852
195.594000,1.33058512e-07,+1.33058512E-07,10.415
195.844000,1.33058512e-07,+1.33058512E-07,10.653
196.109000,1.38706107e-07,+1.38706107E-07,10.888
196.375000,1.41731605e-07,+1.41731605E-07,10.470
196.640000,1.41731605e-07,+1.41731605E-07,10.891
196.890000,1.44857952e-07,+1.44857952E-07,11.692
197.172000,1.44857952e-07,+1.44857952E-07,15.949
197.422000,1.37596758e-07,+1.37596758E-07,11.550
197.672000,1.35983179e-07,+1.35983179E-07,10.589
197.922000,1.35983179e-07,+1.35983179E-07,12.286
198.172000,1.39815476e-07,+1.39815476E-07,11.547
198.437000,1.39815476e-07,+1.39815476E-07,11.131
198.687000,1.30537284e-07,+1.30537284E-07,10.896
198.937000,1.45261372e-07,+1.45261372E-07,10.537
199.187000,1.45261372e-07,+1.45261372E-07,10.841
199.453000,1.41025675e-07,+1.41025675E-07,9.821
199.719000,1.41025675e-07,+1.41025675E-07,11.670
200.000000,1.40319726e-07,+1.40319726E-07,10.997
200.250000,1.38806977e-07,+1.38806977E-07,10.691
200.500000,1.38806977e-07,+1.38806977E-07,10.762
200.750000,1.36789979e-07,+1.36789979E-07,11.154
201.000000,1.36789979e-07,+1.36789979E-07,10.655
201.250000,1.36184879e-07,+1.36184879E-07,11.150
201.500000,1.36890829e-07,+1.36890829E-07,11.008
201.765000,1.36890829e-07,+1.36890829E-07,10.772
202.015000,1.41428983e-07,+1.41428983E-07,10.720
202.297000,1.34167791e-07,+1.34167791E-07,17.238
202.547000,1.34167791e-07,+1.34167791E-07,11.557
202.797000,1.50404623e-07,+1.50404623E-07,11.845
203.062000,1.50404623e-07,+1.50404623E-07,10.376
203.344000,1.42034082e-07,+1.42034082E-07,11.134
203.594000,1.30738895e-07,+1.30738895E-07,10.629
203.844000,1.30738895e-07,+1.30738895E-07,10.311
204.094000,1.42941731e-07,+1.42941731E-07,11.541
204.359000,1.42941731e-07,+1.42941731E-07,10.662
204.609000,1.36689038e-07,+1.36689038E-07,11.940
204.890000,1.32554193e-07,+1.32554193E-07,10.858
205.140000,1.32554193e-07,+1.32554193E-07,10.667
205.390000,1.40521334e-07,+1.40521334E-07,11.759
205.640000,1.40521334e-07,+1.40521334E-07,9.955
205.922000,1.42034082e-07,+1.42034082E-07,11.588
206.172000,1.36789983e-07,+1.36789983E-07,10.910
206.422000,1.36789983e-07,+1.36789983E-07,10.600
206.703000,1.32655136e-07,+1.32655136E-07,10.633
206.953000,1.32655136e-07,+1.32655136E-07,11.241
207.203000,1.39512931e-07,+1.39512931E-07,10.543
207.469000,1.48286874e-07,+1.48286874E-07,11.041
207.719000,1.48286874e-07,+1.48286874E-07,10.522
207.969000,1.31747487e-07,+1.31747487E-07,10.369
208.234000,1.31747487e-07,+1.31747487E-07,16.456
208.484000,1.37697632e-07,+1.37697632E-07,10.148
208.765000,1.2821774e-07,+1.28217740E-07,10.307
209.015000,1.2821774e-07,+1.28217740E-07,11.289
209.265000,1.28419439e-07,+1.28419439E-07,10.373
209.531000,1.30133888e-07,+1.30133888E-07,11.510
209.797000,1.30133888e-07,+1.30133888E-07,10.550
210.047000,1.47883475e-07,+1.47883475E-07,11.326
210.328000,1.47883475e-07,+1.47883475E-07,10.903
210.578000,1.41025555e-07,+1.41025555E-07,11.380
210.812000,1.35579661e-07,+1.35579661E-07,9.871
211.094000,1.35579661e-07,+1.35579661E-07,11.645
211.344000,1.33260114e-07,+1.33260114E-07,11.899
211.594000,1.33260114e-07,+1.33260114E-07,10.384
211.859000,1.38504308e-07,+1.38504308E-07,11.783
212.109000,1.41025555e-07,+1.41025555E-07,10.776
212.390000,1.41025555e-07,+1.41025555E-07,10.326
212.640000,1.37193259e-07,+1.37193259E-07,10.753
212.890000,1.37193259e-07,+1.37193259E-07,10.687
213.156000,1.33764364e-07,+1.33764364E-07,10.611
213.406000,1.34470313e-07,+1.34470313E-07,10.480
213.672000,1.34470313e-07,+1.34470313E-07,12.410
213.922000,1.35277112e-07,+1.35277112E-07,11.255
214.187000,1.35277112e-07,+1.35277112E-07,11.457
214.437000,1.451604e-07,+1.45160400E-07,10.300
214.703000,1.34066898e-07,+1.34066898E-07,10.695
214.969000,1.34066898e-07,+1.34066898E-07,11.159
215.234000,1.34167748e-07,+1.34167748E-07,11.490
215.515000,1.38605142e-07,+1.38605142E-07,11.724
215.765000,1.38605142e-07,+1.38605142E-07,10.943
216.015000,1.29831204e-07,+1.29831204E-07,10.800
216.297000,1.29831204e-07,+1.29831204E-07,10.359
216.547000,1.29125254e-07,+1.29125254E-07,11.945
216.828000,1.26503158e-07,+1.26503158E-07,11.640
217.078000,1.26503158e-07,+1.26503158E-07,10.284
217.328000,1.46773982e-07,+1.46773982E-07,10.889
217.578000,1.46773982e-07,+1.46773982E-07,10.513
217.844000,1.31142252e-07,+1.31142252E-07,10.847
218.109000,1.34066898e-07,+1.34066898E-07,10.682
218.359000,1.34066898e-07,+1.34066898E-07,11.919
218.625000,1.45059534e-07,+1.45059534E-07,10.823
218.890000,1.45059534e-07,+1.45059534E-07,18.154
219.156000,1.42538348e-07,+1.42538348E-07,10.925
219.406000,1.38605202e-07,+1.38605202E-07,10.026
219.656000,1.38605202e-07,+1.38605202E-07,10.819
219.922000,1.4031965e-07,+1.40319650E-07,11.201
220.172000,1.4031965e-07,+1.40319650E-07,16.407
220.453000,1.32251659e-07,+1.32251659E-07,11.290
220.703000,1.3104146e-07,+1.31041460E-07,10.528
220.953000,1.3104146e-07,+1.31041460E-07,11.803
221.234000,1.40117951e-07,+1.40117951E-07,11.124
221.484000,1.39412001e-07,+1.39412001E-07,10.819
221.734000,1.39412001e-07,+1.39412001E-07,11.213
222.000000,1.45160445e-07,+1.45160445E-07,11.260
222.250000,1.45160445e-07,+1.45160445E-07,10.839
222.500000,1.44151946e-07,+1.44151946E-07,10.703
222.750000,1.39109452e-07,+1.39109452E-07,10.537
223.015000,1.39109452e-07,+1.39109452E-07,10.441
223.297000,1.39411973e-07,+1.39411973E-07,10.803
223.547000,1.39411973e-07,+1.39411973E-07,10.287
223.781000,1.39311123e-07,+1.39311123E-07,10.936
224.062000,1.33663529e-07,+1.33663529E-07,10.428
224.328000,1.33663529e-07,+1.33663529E-07,9.916
224.594000,1.26301488e-07,+1.26301488E-07,10.448
224.875000,1.44857866e-07,+1.44857866E-07,13.876
225.125000,1.44857866e-07,+1.44857866E-07,10.675
225.375000,1.43748518e-07,+1.43748518E-07,10.349
225.625000,1.43748518e-07,+1.43748518E-07,11.192
225.875000,1.43546818e-07,+1.43546818E-07,10.805
226.125000,1.43546818e-07,+1.43546818E-07,11.025
226.359000,1.48791012e-07,+1.48791012E-07,9.948
226.640000,1.37394975e-07,+1.37394975E-07,10.884
226.890000,1.37394975e-07,+1.37394975E-07,12.197
227.140000,1.40218772e-07,+1.40218772E-07,10.620
227.390000,1.40218772e-07,+1.40218772E-07,10.576
227.640000,1.4193327e-07,+1.41933270E-07,9.929
227.890000,1.35176326e-07,+1.35176326E-07,10.989
228.140000,1.35176326e-07,+1.35176326E-07,10.329
228.406000,1.33865278e-07,+1.33865278E-07,11.238
228.687000,1.33865278e-07,+1.33865278E-07,10.621
228.937000,1.34974627e-07,+1.34974627E-07,10.302
229.187000,1.3204998e-07,+1.32049980E-07,10.027
229.437000,1.3204998e-07,+1.32049980E-07,10.957
229.687000,1.34672077e-07,+1.34672077E-07,10.775
229.953000,1.34672077e-07,+1.34672077E-07,10.885
230.219000,1.33966128e-07,+1.33966128E-07,11.079
230.500000,1.39109473e-07,+1.39109473E-07,11.162
230.734000,1.39109473e-07,+1.39109473E-07,10.300
231.000000,1.38201823e-07,+1.38201823E-07,10.503
231.265000,1.32251679e-07,+1.32251679E-07,10.032
231.547000,1.32251679e-07,+1.32251679E-07,10.363
231.797000,1.38403542e-07,+1.38403542E-07,10.164
232.047000,1.38403542e-07,+1.38403542E-07,10.336
232.297000,1.34167846e-07,+1.34167846E-07,11.318
232.547000,1.36890793e-07,+1.36890793E-07,10.909
232.797000,1.36890793e-07,+1.36890793E-07,10.238
233.047000,1.36991643e-07,+1.36991643E-07,10.765
233.281000,1.36991643e-07,+1.36991643E-07,10.007
233.562000,1.47984283e-07,+1.47984283E-07,10.977
233.812000,1.32554247e-07,+1.32554247E-07,16.905
234.078000,1.32554247e-07,+1.32554247E-07,10.421
234.328000,1.33260197e-07,+1.33260197E-07,11.125
234.594000,1.33260197e-07,+1.33260197E-07,10.718
234.844000,1.28520251e-07,+1.28520251E-07,11.168
235.094000,1.30738949e-07,+1.30738949E-07,10.339
235.344000,1.30738949e-07,+1.30738949E-07,10.108
235.594000,1.33865296e-07,+1.33865296E-07,11.114
235.844000,1.33865296e-07,+1.33865296E-07,10.789
236.109000,1.36386538e-07,+1.36386538E-07,10.772
236.359000,1.30839793e-07,+1.30839793E-07,20.097
236.609000,1.30839793e-07,+1.30839793E-07,11.661
236.890000,1.29024495e-07,+1.29024495E-07,10.485
237.125000,1.29024495e-07,+1.29024495E-07,10.297
237.390000,1.4516048e-07,+1.45160480E-07,10.251
237.656000,1.32957641e-07,+1.32957641E-07,10.977
237.922000,1.32957641e-07,+1.32957641E-07,11.107
238.203000,1.29024495e-07,+1.29024495E-07,10.858
238.453000,1.29024495e-07,+1.29024495E-07,10.230
238.703000,1.35478889e-07,+1.35478889E-07,10.708
238.969000,1.36487388e-07,+1.36487388E-07,10.184
239.234000,1.36487388e-07,+1.36487388E-07,12.978
239.484000,1.47076628e-07,+1.47076628E-07,10.881
239.750000,1.47076628e-07,+1.47076628E-07,10.789
240.000000,1.3376444e-07,+1.33764440E-07,10.157
240.250000,1.33461776e-07,+1.33461776E-07,11.326
240.500000,1.33461776e-07,+1.33461776E-07,10.774
240.750000,1.35377924e-07,+1.35377924E-07,10.333
241.031000,1.35377924e-07,+1.35377924E-07,10.492
241.281000,1.27713334e-07,+1.27713334E-07,10.647
241.531000,1.22569991e-07,+1.22569991E-07,11.092
241.812000,1.22569991e-07,+1.22569991E-07,10.068
242.047000,1.3800002e-07,+1.38000020E-07,10.000
242.328000,1.31848178e-07,+1.31848178E-07,13.920
242.594000,1.31848178e-07,+1.31848178E-07,10.690
242.828000,1.49496904e-07,+1.49496904E-07,10.173
243.109000,1.49496904e-07,+1.49496904E-07,10.765
243.390000,1.3063798e-07,+1.30637980E-07,11.647
243.640000,1.32957527e-07,+1.32957527E-07,10.601
243.890000,1.32957527e-07,+1.32957527E-07,9.936
244.140000,1.28318433e-07,+1.28318433E-07,11.596
244.390000,1.28318433e-07,+1.28318433E-07,10.342
244.640000,1.30133747e-07,+1.30133747E-07,10.640
244.890000,1.29024398e-07,+1.29024398E-07,10.931
245.140000,1.29024398e-07,+1.29024398E-07,10.847
245.390000,1.34772841e-07,+1.34772841E-07,10.429
245.640000,1.34772841e-07,+1.34772841E-07,10.967
245.890000,1.28822698e-07,+1.28822698E-07,10.359
246.140000,1.28822698e-07,+1.28822698E-07,9.923
246.406000,1.24889554e-07,+1.24889554E-07,11.317
246.687000,1.34369441e-07,+1.34369441E-07,11.395
246.937000,1.34369441e-07,+1.34369441E-07,10.798
247.187000,1.30537146e-07,+1.30537146E-07,10.379
247.453000,1.30839696e-07,+1.30839696E-07,10.693
247.703000,1.30839696e-07,+1.30839696E-07,11.342
247.953000,1.25393803e-07,+1.25393803E-07,10.277
248.219000,1.25393803e-07,+1.25393803E-07,10.467
248.469000,1.32654993e-07,+1.32654993E-07,10.305
248.734000,1.19443618e-07,+1.19443618E-07,11.752
249.000000,1.19443618e-07,+1.19443618E-07,10.616
249.250000,1.29629453e-07,+1.29629453E-07,10.783
249.531000,1.29629453e-07,+1.29629453E-07,11.381
249.781000,1.34167697e-07,+1.34167697E-07,10.877
250.062000,1.34268546e-07,+1.34268546E-07,10.469
250.312000,1.34268546e-07,+1.34268546E-07,12.665
250.562000,1.14098576e-07,+1.14098576E-07,10.667
250.828000,1.14098576e-07,+1.14098576E-07,11.021
251.078000,1.29831153e-07,+1.29831153E-07,11.552
251.328000,1.41529736e-07,+1.41529736E-07,11.233
251.578000,1.41529736e-07,+1.41529736E-07,10.746
251.828000,1.29226054e-07,+1.29226054E-07,10.267
252.078000,1.29226054e-07,+1.29226054E-07,10.735
252.328000,1.27007357e-07,+1.27007357E-07,10.391
252.578000,1.31142201e-07,+1.31142201E-07,11.123
252.844000,1.31142201e-07,+1.31142201E-07,10.389
253.094000,1.34671926e-07,+1.34671926E-07,10.161
253.344000,1.34671926e-07,+1.34671926E-07,10.563
253.625000,1.30133683e-07,+1.30133683E-07,10.973
253.859000,1.40218667e-07,+1.40218667E-07,10.719
254.125000,1.40218667e-07,+1.40218667E-07,10.665
254.406000,1.33965977e-07,+1.33965977E-07,11.063
254.640000,1.33965977e-07,+1.33965977E-07,10.432
254.922000,1.3204983e-07,+1.32049830E-07,10.955
255.172000,1.31041332e-07,+1.31041332E-07,11.463
255.453000,1.31041332e-07,+1.31041332E-07,11.804
255.703000,1.27309888e-07,+1.27309888E-07,10.669
255.953000,1.27309888e-07,+1.27309888E-07,10.469
256.203000,1.41832265e-07,+1.41832265E-07,11.226
256.437000,1.28419236e-07,+1.28419236E-07,11.091
256.719000,1.28419236e-07,+1.28419236E-07,10.159
256.969000,1.30537083e-07,+1.30537083E-07,11.070
257.203000,1.30537083e-07,+1.30537083E-07,10.942
257.469000,1.31142221e-07,+1.31142221E-07,10.113
257.750000,1.28923524e-07,+1.28923524E-07,11.013
258.000000,1.28923524e-07,+1.28923524E-07,10.688
258.265000,1.44857801e-07,+1.44857801E-07,11.323
258.531000,1.23881031e-07,+1.23881031E-07,11.047
258.812000,1.23881031e-07,+1.23881031E-07,11.767
259.047000,1.34268566e-07,+1.34268566E-07,10.591
259.312000,1.34268566e-07,+1.34268566E-07,10.641
259.578000,1.26704827e-07,+1.26704827E-07,11.095
259.844000,1.21763184e-07,+1.21763184E-07,9.831
260.125000,1.21763184e-07,+1.21763184E-07,11.255
260.375000,1.39311059e-07,+1.39311059E-07,11.172
260.625000,1.39311059e-07,+1.39311059E-07,10.570
260.859000,1.33865167e-07,+1.33865167E-07,10.613
261.140000,1.3134392e-07,+1.31343920E-07,10.517
261.375000,1.3134392e-07,+1.31343920E-07,10.815
261.656000,1.23780154e-07,+1.23780154E-07,10.821
261.890000,1.23780154e-07,+1.23780154E-07,11.048
262.172000,1.3336089e-07,+1.33360890E-07,11.035
262.422000,1.31041343e-07,+1.31041343E-07,10.718
262.672000,1.31041343e-07,+1.31041343E-07,11.748
262.922000,1.31243043e-07,+1.31243043E-07,11.188
263.156000,1.31243043e-07,+1.31243043E-07,10.220
263.437000,1.31848142e-07,+1.31848142E-07,10.309
263.687000,1.24082704e-07,+1.24082704E-07,10.975
263.937000,1.24082704e-07,+1.24082704E-07,10.367
264.187000,1.31142193e-07,+1.31142193E-07,11.479
264.484000,1.31142193e-07,+1.31142193E-07,17.673
264.734000,1.34066839e-07,+1.34066839E-07,10.611
264.984000,1.23881004e-07,+1.23881004E-07,10.632
265.265000,1.23881004e-07,+1.23881004E-07,11.138
265.515000,1.27511599e-07,+1.27511599E-07,11.090
265.765000,1.43950138e-07,+1.43950138E-07,18.647
266.015000,1.43950138e-07,+1.43950138E-07,11.303
266.297000,1.26402264e-07,+1.26402264E-07,10.792
266.531000,1.26402264e-07,+1.26402264E-07,10.968
266.812000,1.24385267e-07,+1.24385267E-07,10.373
267.062000,1.23376768e-07,+1.23376768E-07,10.527
267.312000,1.23376768e-07,+1.23376768E-07,10.505
267.562000,1.37899147e-07,+1.37899147E-07,10.580
267.844000,1.37899147e-07,+1.37899147E-07,11.159
268.094000,1.32352405e-07,+1.32352405E-07,10.612
268.328000,1.33663453e-07,+1.33663453E-07,11.657
268.594000,1.33663453e-07,+1.33663453E-07,10.055
268.844000,1.2882266e-07,+1.28822660E-07,11.115
269.094000,1.2882266e-07,+1.28822660E-07,10.696
269.344000,1.19443624e-07,+1.19443624E-07,10.922
269.609000,1.30537108e-07,+1.30537108E-07,21.972
269.859000,1.30537108e-07,+1.30537108E-07,10.915
270.109000,1.35478761e-07,+1.35478761E-07,11.199
270.390000,1.35478761e-07,+1.35478761E-07,10.893
270.640000,1.26906523e-07,+1.26906523E-07,11.442
270.906000,1.25898025e-07,+1.25898025E-07,10.794
271.187000,1.25898025e-07,+1.25898025E-07,13.206
271.437000,1.35377911e-07,+1.35377911E-07,11.282
271.687000,1.35377911e-07,+1.35377911E-07,10.653
271.937000,1.28318421e-07,+1.28318421E-07,11.431
272.203000,1.33461764e-07,+1.33461764E-07,10.735
272.453000,1.33461764e-07,+1.33461764E-07,11.180
272.703000,1.34974512e-07,+1.34974512E-07,10.830
272.953000,1.34974512e-07,+1.34974512E-07,10.606
273.203000,1.33663464e-07,+1.33663464E-07,9.992
273.453000,1.28116722e-07,+1.28116722E-07,10.545
273.703000,1.28116722e-07,+1.28116722E-07,10.566
273.969000,1.32352416e-07,+1.32352416E-07,11.583
274.219000,1.32352416e-07,+1.32352416E-07,11.095
274.469000,1.3204991e-07,+1.32049910E-07,10.805
274.734000,1.28520164e-07,+1.28520164E-07,10.553
275.015000,1.28520164e-07,+1.28520164E-07,13.040
275.265000,1.28318464e-07,+1.28318464E-07,11.049
275.515000,1.28318464e-07,+1.28318464E-07,10.696
275.765000,1.25192118e-07,+1.25192118E-07,11.014
276.015000,1.30537162e-07,+1.30537162E-07,10.441
276.265000,1.30537162e-07,+1.30537162E-07,10.040
276.531000,1.30436312e-07,+1.30436312E-07,11.057
276.781000,1.30436312e-07,+1.30436312E-07,11.039
277.031000,1.17124128e-07,+1.17124128E-07,10.824
277.297000,1.31343961e-07,+1.31343961E-07,10.620
277.547000,1.31343961e-07,+1.31343961E-07,11.109
277.797000,1.27209116e-07,+1.27209116E-07,10.651
278.047000,1.27209116e-07,+1.27209116E-07,9.995
278.297000,1.26503167e-07,+1.26503167E-07,10.532
278.578000,1.28116778e-07,+1.28116778E-07,11.122
278.828000,1.28116778e-07,+1.28116778E-07,10.907
279.078000,1.21864085e-07,+1.21864085E-07,11.527
279.328000,1.21864085e-07,+1.21864085E-07,11.043
279.578000,1.23881083e-07,+1.23881083E-07,10.197
279.828000,1.31444824e-07,+1.31444824E-07,10.609
280.078000,1.31444824e-07,+1.31444824E-07,10.969
280.344000,1.29528676e-07,+1.29528676E-07,11.663
280.625000,1.29528676e-07,+1.29528676E-07,11.636
280.875000,1.18636889e-07,+1.18636889E-07,10.454
281.125000,1.30839725e-07,+1.30839725E-07,11.107
281.375000,1.30839725e-07,+1.30839725E-07,10.549
281.625000,1.31243124e-07,+1.31243124E-07,10.985
281.875000,1.31243124e-07,+1.31243124E-07,11.160
282.125000,1.28419327e-07,+1.28419327E-07,10.959
282.375000,1.27108279e-07,+1.27108279E-07,16.666
282.625000,1.27108279e-07,+1.27108279E-07,11.306
282.875000,1.2085558e-07,+1.20855580E-07,11.526
283.125000,1.2085558e-07,+1.20855580E-07,10.960
283.359000,1.23578526e-07,+1.23578526E-07,11.254
283.640000,1.23578526e-07,+1.23578526E-07,16.451
283.906000,1.21864078e-07,+1.21864078E-07,11.214
284.156000,1.26805722e-07,+1.26805722E-07,11.132
284.390000,1.26805722e-07,+1.26805722E-07,11.086
284.656000,1.25696374e-07,+1.25696374E-07,10.373
284.937000,1.18636882e-07,+1.18636882E-07,17.430
285.187000,1.18636882e-07,+1.18636882E-07,10.993
285.453000,1.30234618e-07,+1.30234618E-07,10.734
285.719000,1.30234618e-07,+1.30234618E-07,10.907
285.984000,1.26805722e-07,+1.26805722E-07,11.375
286.265000,1.10367192e-07,+1.10367192E-07,11.230
286.531000,1.10367192e-07,+1.10367192E-07,11.281
286.765000,1.28116771e-07,+1.28116771E-07,11.109
287.031000,1.28116771e-07,+1.28116771E-07,11.503
287.281000,1.24385307e-07,+1.24385307E-07,11.138
287.531000,1.30637999e-07,+1.30637999E-07,11.294
287.781000,1.30637999e-07,+1.30637999E-07,10.777
288.031000,1.30436299e-07,+1.30436299E-07,10.844
288.281000,1.30436299e-07,+1.30436299E-07,10.689
288.562000,1.30436299e-07,+1.30436299E-07,10.338
288.812000,1.24990406e-07,+1.24990406E-07,10.849
289.062000,1.24990406e-07,+1.24990406E-07,11.204
289.312000,1.25292956e-07,+1.25292956E-07,11.302
289.562000,1.25292956e-07,+1.25292956E-07,11.597
289.828000,1.23074258e-07,+1.23074258E-07,10.684
290.078000,1.30537149e-07,+1.30537149E-07,11.315
290.328000,1.30537149e-07,+1.30537149E-07,10.640
290.578000,1.16519017e-07,+1.16519017E-07,10.780
290.828000,1.16519017e-07,+1.16519017E-07,10.393
291.094000,1.23881057e-07,+1.23881057E-07,10.366
291.344000,1.29226147e-07,+1.29226147E-07,11.090
291.594000,1.29226147e-07,+1.29226147E-07,11.016
291.844000,1.25494701e-07,+1.25494701E-07,10.447
292.094000,1.25494701e-07,+1.25494701E-07,10.319
292.344000,1.24183653e-07,+1.24183653E-07,10.429
292.594000,1.32352494e-07,+1.32352494E-07,19.586
292.859000,1.32352494e-07,+1.32352494E-07,11.200
293.109000,1.21763256e-07,+1.21763256E-07,11.177
293.375000,1.21763256e-07,+1.21763256E-07,11.242
293.640000,1.33461842e-07,+1.33461842E-07,10.437
293.906000,1.24082803e-07,+1.24082803E-07,11.664
294.156000,1.24082803e-07,+1.24082803E-07,11.308
294.406000,1.31646545e-07,+1.31646545E-07,10.662
294.656000,1.31646545e-07,+1.31646545E-07,10.373
294.922000,1.29629547e-07,+1.29629547E-07,10.772
295.203000,1.24183653e-07,+1.24183653E-07,11.510
295.437000,1.24183653e-07,+1.24183653E-07,10.868
295.719000,1.28318492e-07,+1.28318492E-07,10.933
295.953000,1.28318492e-07,+1.28318492E-07,10.423
296.234000,1.22670898e-07,+1.22670898E-07,9.970
296.500000,1.33260136e-07,+1.33260136E-07,10.663
296.750000,1.33260136e-07,+1.33260136E-07,10.821
297.015000,1.21763249e-07,+1.21763249E-07,10.466
297.281000,1.40218778e-07,+1.40218778E-07,23.101
297.531000,1.40218778e-07,+1.40218778E-07,10.545
297.797000,1.27713393e-07,+1.27713393E-07,11.202
298.062000,1.27713393e-07,+1.27713393E-07,10.927
298.344000,1.2095645e-07,+1.20956450E-07,10.931
298.578000,1.29528691e-07,+1.29528691E-07,10.409
298.844000,1.29528691e-07,+1.29528691E-07,10.825
299.125000,1.28318492e-07,+1.28318492E-07,11.562
299.375000,1.28318492e-07,+1.28318492E-07,11.195
299.625000,1.23074298e-07,+1.23074298E-07,10.277
299.890000,1.21057309e-07,+1.21057309E-07,11.212
300.156000,1.21057309e-07,+1.21057309E-07,11.395
300.437000,1.22368358e-07,+1.22368358E-07,10.292
300.687000,1.21964958e-07,+1.21964958E-07,11.630
300.953000,1.21964958e-07,+1.21964958E-07,11.108
301.219000,1.19342861e-07,+1.19342861E-07,11.157
301.500000,1.19342861e-07,+1.19342861E-07,10.383
301.750000,1.28721901e-07,+1.28721901E-07,11.511
302.015000,1.27410852e-07,+1.27410852E-07,10.556
302.265000,1.27410852e-07,+1.27410852E-07,10.518
302.515000,1.17729263e-07,+1.17729263E-07,11.316
302.765000,1.17729263e-07,+1.17729263E-07,10.530
303.015000,1.19040312e-07,+1.19040312E-07,10.816
303.281000,1.22469208e-07,+1.22469208E-07,10.273
303.547000,1.22469208e-07,+1.22469208E-07,11.332
303.812000,1.23175157e-07,+1.23175157E-07,10.310
304.078000,1.23175157e-07,+1.23175157E-07,11.027
304.344000,1.22368363e-07,+1.22368363E-07,10.722
304.594000,1.26402359e-07,+1.26402359E-07,11.440
304.859000,1.26402359e-07,+1.26402359E-07,11.063
305.109000,1.27007458e-07,+1.27007458E-07,10.890
305.359000,1.27007458e-07,+1.27007458E-07,11.114
305.609000,1.28116807e-07,+1.28116807E-07,10.358
305.844000,1.27410857e-07,+1.27410857E-07,11.223
306.125000,1.27410857e-07,+1.27410857E-07,10.977
306.375000,1.30335504e-07,+1.30335504E-07,10.266
306.625000,1.30335504e-07,+1.30335504E-07,10.755
306.875000,1.22771762e-07,+1.22771762E-07,10.977
307.125000,1.20351365e-07,+1.20351365E-07,11.282
307.375000,1.20351365e-07,+1.20351365E-07,10.858
307.625000,1.23780261e-07,+1.23780261E-07,10.684
307.875000,1.23780261e-07,+1.23780261E-07,10.436
308.125000,1.21359864e-07,+1.21359864E-07,11.315
308.375000,1.25494665e-07,+1.25494665E-07,11.587
308.625000,1.25494665e-07,+1.25494665E-07,11.618
308.890000,1.30436308e-07,+1.30436308E-07,10.970
309.140000,1.30436308e-07,+1.30436308E-07,10.966
309.390000,1.14804578e-07,+1.14804578E-07,10.761
309.640000,1.30436308e-07,+1.30436308E-07,18.829
309.890000,1.30436308e-07,+1.30436308E-07,10.482
310.156000,1.23981917e-07,+1.23981917E-07,10.482
310.437000,1.23981917e-07,+1.23981917E-07,11.414
310.687000,1.19847072e-07,+1.19847072E-07,10.379
310.953000,1.20855571e-07,+1.20855571E-07,11.128
311.203000,1.20855571e-07,+1.20855571E-07,10.129
311.453000,1.25696364e-07,+1.25696364E-07,11.093
311.719000,1.25696364e-07,+1.25696364E-07,10.806
311.984000,1.2105727e-07,+1.21057270E-07,11.216
312.219000,1.17224975e-07,+1.17224975E-07,10.032
312.500000,1.17224975e-07,+1.17224975E-07,10.791
312.750000,1.22570046e-07,+1.22570046E-07,11.562
313.000000,1.22570046e-07,+1.22570046E-07,11.041
313.250000,1.22166646e-07,+1.22166646E-07,11.510
313.500000,1.19847099e-07,+1.19847099E-07,11.628
313.765000,1.19847099e-07,+1.19847099E-07,10.362
314.015000,1.12888457e-07,+1.12888457E-07,10.511
314.281000,1.12888457e-07,+1.12888457E-07,10.473
314.562000,1.30133787e-07,+1.30133787E-07,10.550
314.812000,1.26200641e-07,+1.26200641E-07,10.528
315.062000,1.26200641e-07,+1.26200641E-07,10.374
315.312000,1.18031801e-07,+1.18031801E-07,11.584
315.578000,1.18031801e-07,+1.18031801E-07,10.487
315.828000,1.16014803e-07,+1.16014803E-07,10.298
316.078000,1.23981944e-07,+1.23981944E-07,10.922
316.344000,1.23981944e-07,+1.23981944E-07,10.172
316.609000,1.1853605e-07,+1.18536050E-07,10.330
316.890000,1.254947e-07,+1.25494700E-07,14.518
317.140000,1.254947e-07,+1.25494700E-07,11.089
317.390000,1.30537194e-07,+1.30537194E-07,10.173
317.640000,1.30537194e-07,+1.30537194E-07,10.404
317.890000,1.22267504e-07,+1.22267504E-07,10.963
318.140000,1.22267504e-07,+1.22267504E-07,10.966
318.390000,1.18939458e-07,+1.18939458E-07,11.182
318.640000,1.19947956e-07,+1.19947956E-07,10.732
318.906000,1.19947956e-07,+1.19947956E-07,14.269
319.156000,1.22065804e-07,+1.22065804E-07,10.536
319.390000,1.22065804e-07,+1.22065804E-07,10.292
319.672000,1.19847107e-07,+1.19847107E-07,11.237
319.922000,1.13392714e-07,+1.13392714E-07,10.732
320.172000,1.13392714e-07,+1.13392714E-07,11.174
320.422000,1.15208012e-07,+1.15208012E-07,11.150
320.672000,1.15208012e-07,+1.15208012E-07,10.089
320.922000,1.14401213e-07,+1.14401213E-07,11.364
321.172000,1.23679393e-07,+1.23679393E-07,9.974
321.437000,1.23679393e-07,+1.23679393E-07,10.103
321.687000,1.15006303e-07,+1.15006303E-07,10.590
321.937000,1.15006303e-07,+1.15006303E-07,11.354
322.203000,1.23175143e-07,+1.23175143E-07,9.919
322.484000,1.20149647e-07,+1.20149647E-07,11.430
322.734000,1.20149647e-07,+1.20149647E-07,11.602
322.984000,1.22368344e-07,+1.22368344E-07,10.814
323.250000,1.22368344e-07,+1.22368344E-07,10.939
323.531000,1.28520187e-07,+1.28520187E-07,11.058
323.781000,1.1712415e-07,+1.17124150E-07,10.698
324.031000,1.1712415e-07,+1.17124150E-07,11.573
324.281000,1.17930949e-07,+1.17930949E-07,11.005
324.531000,1.17930949e-07,+1.17930949E-07,10.475
324.765000,1.170233e-07,+1.17023300E-07,9.991
325.047000,1.14401204e-07,+1.14401204E-07,10.341
325.312000,1.14401204e-07,+1.14401204E-07,11.230
325.562000,1.27713409e-07,+1.27713409E-07,10.514
325.844000,1.22570064e-07,+1.22570064E-07,10.812
326.094000,1.22570064e-07,+1.22570064E-07,11.288
326.328000,1.20452216e-07,+1.20452216E-07,10.049
326.609000,1.20452216e-07,+1.20452216E-07,10.342
326.859000,1.1672077e-07,+1.16720770E-07,10.689
327.109000,1.21158166e-07,+1.21158166E-07,10.933
327.359000,1.21158166e-07,+1.21158166E-07,10.643
327.609000,1.21158166e-07,+1.21158166E-07,11.048
327.875000,1.21158166e-07,+1.21158166E-07,10.389
328.125000,1.20351367e-07,+1.20351367E-07,11.456
328.375000,1.21158166e-07,+1.21158166E-07,19.253
328.625000,1.21158166e-07,+1.21158166E-07,11.388
328.906000,1.14300373e-07,+1.14300373E-07,10.552
329.156000,1.14300373e-07,+1.14300373E-07,10.336
329.422000,1.20149667e-07,+1.20149667E-07,11.118
329.687000,1.17426661e-07,+1.17426661E-07,11.776
329.953000,1.17426661e-07,+1.17426661E-07,10.894
330.203000,1.19746208e-07,+1.19746208E-07,11.294
330.453000,1.19746208e-07,+1.19746208E-07,11.084
330.734000,1.05425527e-07,+1.05425527E-07,11.004
330.984000,1.17426661e-07,+1.17426661E-07,10.712
331.234000,1.17426661e-07,+1.17426661E-07,12.226
331.515000,1.09963771e-07,+1.09963771E-07,11.140
331.765000,1.09963771e-07,+1.09963771E-07,10.681
332.015000,1.13896916e-07,+1.13896916E-07,10.435
332.265000,1.07341674e-07,+1.07341674E-07,10.963
332.500000,1.07341674e-07,+1.07341674E-07,10.039
332.781000,1.17023262e-07,+1.17023262E-07,10.341
333.031000,1.17023262e-07,+1.17023262E-07,10.860
333.265000,1.22973404e-07,+1.22973404E-07,10.466
333.547000,1.16922412e-07,+1.16922412E-07,11.209
333.797000,1.16922412e-07,+1.16922412E-07,12.387
334.047000,1.12485064e-07,+1.12485064E-07,10.503
334.297000,1.12485064e-07,+1.12485064E-07,11.334
334.547000,1.14300362e-07,+1.14300362E-07,10.706
334.812000,1.08753618e-07,+1.08753618E-07,11.608
335.062000,1.08753618e-07,+1.08753618E-07,10.885
335.344000,1.22973452e-07,+1.22973452E-07,10.929
335.594000,1.22973452e-07,+1.22973452E-07,11.206
335.859000,1.24082801e-07,+1.24082801E-07,11.321
336.109000,1.20048805e-07,+1.20048805E-07,10.564
336.359000,1.20048805e-07,+1.20048805E-07,12.744
336.609000,1.28116796e-07,+1.28116796E-07,10.967
336.859000,1.28116796e-07,+1.28116796E-07,11.626
337.109000,1.13291863e-07,+1.13291863E-07,10.489
337.359000,1.16720759e-07,+1.16720759E-07,10.789
337.625000,1.16720759e-07,+1.16720759E-07,10.613
337.875000,1.16720759e-07,+1.16720759E-07,10.384
338.125000,1.16720759e-07,+1.16720759E-07,10.827
338.406000,1.21258994e-07,+1.21258994E-07,10.754
338.640000,1.25696389e-07,+1.25696389E-07,11.000
338.922000,1.25696389e-07,+1.25696389E-07,12.763
339.172000,1.15107151e-07,+1.15107151E-07,10.992
339.422000,1.15107151e-07,+1.15107151E-07,11.527
339.656000,1.14602902e-07,+1.14602902E-07,10.680
339.937000,1.09459558e-07,+1.09459558E-07,10.938
340.187000,1.09459558e-07,+1.09459558E-07,10.954
340.422000,1.11678255e-07,+1.11678255E-07,10.995
340.703000,1.11678255e-07,+1.11678255E-07,10.314
340.953000,1.162165e-07,+1.16216500E-07,10.699
341.219000,1.11073156e-07,+1.11073156E-07,10.285
341.469000,1.11073156e-07,+1.11073156E-07,11.583
341.719000,1.18737747e-07,+1.18737747E-07,11.098
341.969000,1.18737747e-07,+1.18737747E-07,10.671
342.219000,1.13291853e-07,+1.13291853E-07,11.441
342.484000,1.08148389e-07,+1.08148389E-07,10.691
342.765000,1.08148389e-07,+1.08148389E-07,12.258
343.015000,1.13090031e-07,+1.13090031E-07,10.543
343.265000,1.13090031e-07,+1.13090031E-07,10.009
343.531000,1.09661136e-07,+1.09661136E-07,10.073
343.781000,1.15308727e-07,+1.15308727E-07,10.583
344.031000,1.15308727e-07,+1.15308727E-07,12.960
344.297000,1.11173884e-07,+1.11173884E-07,10.549
344.578000,1.22569915e-07,+1.22569915E-07,20.161
344.844000,1.22569915e-07,+1.22569915E-07,11.550
345.078000,1.12384082e-07,+1.12384082E-07,10.661
345.359000,1.12384082e-07,+1.12384082E-07,10.382
345.609000,1.12182382e-07,+1.12182382E-07,11.895
345.875000,1.18334222e-07,+1.18334222E-07,10.042
346.125000,1.18334222e-07,+1.18334222E-07,11.185
346.375000,1.13896829e-07,+1.13896829E-07,10.836
346.625000,1.13896829e-07,+1.13896829E-07,10.490
346.859000,1.12787499e-07,+1.12787499E-07,11.801
347.140000,1.0008042e-07,+1.00080420E-07,10.865
347.390000,1.0008042e-07,+1.00080420E-07,10.348
347.640000,1.24183531e-07,+1.24183531E-07,10.594
347.922000,1.24183531e-07,+1.24183531E-07,10.912
348.156000,1.07543308e-07,+1.07543308E-07,11.182
348.437000,1.04921212e-07,+1.04921212E-07,10.549
348.687000,1.04921212e-07,+1.04921212E-07,10.201
348.953000,1.13896848e-07,+1.13896848E-07,9.922
349.203000,1.13896848e-07,+1.13896848E-07,10.784
349.484000,1.19746138e-07,+1.19746138E-07,10.390
349.734000,1.05526311e-07,+1.05526311E-07,10.755
350.000000,1.05526311e-07,+1.05526311E-07,10.171
350.281000,1.1863679e-07,+1.18636790E-07,10.175
350.547000,1.25595429e-07,+1.25595429E-07,16.453
350.781000,1.25595429e-07,+1.25595429E-07,11.525
351.031000,1.13190863e-07,+1.13190863E-07,10.887
351.281000,1.13190863e-07,+1.13190863E-07,10.384
351.531000,1.12787464e-07,+1.12787464E-07,10.783
351.781000,1.12787464e-07,+1.12787464E-07,11.252
352.031000,1.20855449e-07,+1.20855449E-07,10.963
352.281000,1.10266218e-07,+1.10266218E-07,11.588
352.531000,1.10266218e-07,+1.10266218E-07,10.643
352.797000,1.17829955e-07,+1.17829955E-07,10.897
353.047000,1.17829955e-07,+1.17829955E-07,10.387
353.312000,1.06736474e-07,+1.06736474E-07,11.328
353.562000,1.08450921e-07,+1.08450921E-07,11.170
353.812000,1.08450921e-07,+1.08450921E-07,11.103
354.062000,1.04416928e-07,+1.04416928E-07,10.185
354.344000,1.04416928e-07,+1.04416928E-07,11.667
354.594000,1.08652621e-07,+1.08652621E-07,11.230
354.844000,1.15107009e-07,+1.15107009E-07,10.880
355.094000,1.15107009e-07,+1.15107009E-07,10.775
355.344000,1.13190952e-07,+1.13190952E-07,11.225
355.594000,1.13190952e-07,+1.13190952E-07,10.518
355.844000,1.25091236e-07,+1.25091236E-07,11.074
356.109000,1.10367156e-07,+1.10367156E-07,9.879
356.359000,1.10367156e-07,+1.10367156E-07,11.273
356.625000,1.23477638e-07,+1.23477638E-07,10.678
356.906000,1.23477638e-07,+1.23477638E-07,10.904
357.156000,1.13090102e-07,+1.13090102E-07,10.839
357.406000,9.53405267e-08,+9.53405267E-08,10.107
357.656000,9.53405267e-08,+9.53405267E-08,11.000
357.906000,1.19040244e-07,+1.19040244E-07,10.743
358.140000,1.19040244e-07,+1.19040244E-07,11.137
358.406000,1.09056108e-07,+1.09056108E-07,10.134
358.672000,1.1500625e-07,+1.15006250E-07,10.271
358.953000,1.1500625e-07,+1.15006250E-07,10.233
359.203000,1.17124097e-07,+1.17124097E-07,11.119
359.453000,1.17124097e-07,+1.17124097E-07,10.611
359.703000,1.16619895e-07,+1.16619895E-07,10.932
359.953000,1.15813096e-07,+1.15813096E-07,10.306
360.203000,1.15813096e-07,+1.15813096E-07,10.621
360.453000,1.31243127e-07,+1.31243127E-07,10.375
360.703000,1.31243127e-07,+1.31243127E-07,11.148
360.953000,1.14098648e-07,+1.14098648E-07,10.836
361.203000,1.13796098e-07,+1.13796098E-07,10.937
361.453000,1.13796098e-07,+1.13796098E-07,11.610
361.703000,1.15913945e-07,+1.15913945E-07,11.370
361.953000,1.15913945e-07,+1.15913945E-07,10.799
362.203000,1.09056154e-07,+1.09056154E-07,10.650
362.453000,1.16519045e-07,+1.16519045E-07,17.571
362.719000,1.16519045e-07,+1.16519045E-07,10.360
362.969000,1.15107146e-07,+1.15107146E-07,11.207
363.219000,1.15107146e-07,+1.15107146E-07,10.320
363.469000,1.17426694e-07,+1.17426694E-07,10.256
363.734000,1.07745105e-07,+1.07745105E-07,11.140
364.000000,1.07745105e-07,+1.07745105E-07,10.538
364.265000,1.12585899e-07,+1.12585899E-07,10.122
364.531000,1.12585899e-07,+1.12585899E-07,10.920
364.797000,1.15207996e-07,+1.15207996E-07,11.227
365.062000,1.21763238e-07,+1.21763238E-07,11.368
365.328000,1.21763238e-07,+1.21763238E-07,10.883
365.594000,1.17224993e-07,+1.17224993E-07,10.137
365.859000,1.14703746e-07,+1.14703746E-07,10.657
366.140000,1.14703746e-07,+1.14703746E-07,10.310
366.390000,1.18334342e-07,+1.18334342E-07,10.455
366.640000,1.18334342e-07,+1.18334342E-07,10.812
366.890000,1.24587035e-07,+1.24587035E-07,10.866
367.140000,1.21864088e-07,+1.21864088E-07,10.900
367.390000,1.21864088e-07,+1.21864088E-07,10.885
367.640000,1.19443691e-07,+1.19443691E-07,10.902
367.890000,1.19443691e-07,+1.19443691E-07,11.039
368.140000,1.17325868e-07,+1.17325868E-07,10.771
368.390000,1.17325868e-07,+1.17325868E-07,10.133
368.640000,1.25393859e-07,+1.25393859E-07,10.560
368.890000,1.24082811e-07,+1.24082811E-07,11.109
369.140000,1.24082811e-07,+1.24082811E-07,12.868
369.390000,1.16720769e-07,+1.16720769E-07,10.983
369.640000,1.16720769e-07,+1.16720769E-07,10.427
369.890000,1.17628418e-07,+1.17628418E-07,10.433
370.140000,1.17830117e-07,+1.17830117E-07,11.348
370.406000,1.17830117e-07,+1.17830117E-07,10.199
370.687000,1.10972325e-07,+1.10972325E-07,11.031
370.922000,1.10972325e-07,+1.10972325E-07,9.926
371.187000,1.08148528e-07,+1.08148528E-07,10.247
371.453000,1.16720769e-07,+1.16720769E-07,11.559
371.719000,1.16720769e-07,+1.16720769E-07,10.928
371.969000,1.19141166e-07,+1.19141166E-07,10.725
372.219000,1.19141166e-07,+1.19141166E-07,10.078
372.469000,1.22569994e-07,+1.22569994E-07,10.088
372.734000,1.20048747e-07,+1.20048747E-07,11.004
372.969000,1.20048747e-07,+1.20048747E-07,12.835
373.250000,1.1823345e-07,+1.18233450E-07,10.297
373.500000,1.1823345e-07,+1.18233450E-07,10.405
373.750000,1.17325801e-07,+1.17325801E-07,10.718
374.015000,1.16317302e-07,+1.16317302E-07,10.408
374.265000,1.16317302e-07,+1.16317302E-07,11.073
374.547000,1.27612487e-07,+1.27612487E-07,10.070
374.797000,1.16821551e-07,+1.16821551E-07,15.030
375.047000,1.16821551e-07,+1.16821551E-07,10.389
375.312000,1.29427784e-07,+1.29427784E-07,10.987
375.578000,1.29427784e-07,+1.29427784E-07,10.618
375.844000,1.21864045e-07,+1.21864045E-07,11.234
376.109000,1.14602854e-07,+1.14602854E-07,10.476
376.375000,1.14602854e-07,+1.14602854E-07,10.115
376.656000,1.22570025e-07,+1.22570025E-07,10.332
376.906000,1.22570025e-07,+1.22570025E-07,10.929
377.156000,1.17830081e-07,+1.17830081E-07,11.042
377.406000,1.21258976e-07,+1.21258976E-07,11.132
377.687000,1.21258976e-07,+1.21258976E-07,11.175
377.937000,1.11879938e-07,+1.11879938E-07,10.495
378.187000,1.11879938e-07,+1.11879938E-07,17.148
378.453000,1.17124131e-07,+1.17124131E-07,11.694
378.734000,1.13896935e-07,+1.13896935E-07,10.865
378.984000,1.13896935e-07,+1.13896935E-07,10.525
379.234000,1.06938294e-07,+1.06938294E-07,11.443
379.500000,1.25091272e-07,+1.25091272E-07,10.799
379.781000,1.25091272e-07,+1.25091272E-07,10.485
380.062000,1.17527531e-07,+1.17527531E-07,11.221
380.312000,1.17527531e-07,+1.17527531E-07,10.413
380.562000,1.21561526e-07,+1.21561526E-07,10.820
380.812000,1.32049863e-07,+1.32049863E-07,10.430
381.062000,1.32049863e-07,+1.32049863E-07,11.409
381.312000,1.19241931e-07,+1.19241931E-07,10.539
381.562000,1.19241931e-07,+1.19241931E-07,10.796
381.828000,1.18233433e-07,+1.18233433E-07,10.859
382.078000,1.16619835e-07,+1.16619835E-07,10.790
382.328000,1.16619835e-07,+1.16619835E-07,10.516
382.578000,1.23074226e-07,+1.23074226E-07,10.832
382.859000,1.23074226e-07,+1.23074226E-07,10.334
383.109000,1.11678192e-07,+1.11678192E-07,10.480
383.390000,1.23074226e-07,+1.23074226E-07,11.297
383.625000,1.23074226e-07,+1.23074226E-07,10.901
383.906000,1.19342781e-07,+1.19342781E-07,11.547
384.156000,1.19342781e-07,+1.19342781E-07,11.088
384.406000,1.18435132e-07,+1.18435132E-07,10.834
384.656000,1.14199438e-07,+1.14199438E-07,11.473
384.906000,1.14199438e-07,+1.14199438E-07,11.944
385.156000,1.23275832e-07,+1.23275832E-07,11.685
385.453000,1.09056008e-07,+1.09056008E-07,21.500
385.687000,1.09056008e-07,+1.09056008E-07,11.251
385.937000,1.22771583e-07,+1.22771583E-07,10.310
386.187000,1.22771583e-07,+1.22771583E-07,11.448
386.453000,1.12484902e-07,+1.12484902E-07,10.771
386.734000,1.16518895e-07,+1.16518895E-07,10.542
386.984000,1.16518895e-07,+1.16518895E-07,10.719
387.234000,1.15812946e-07,+1.15812946E-07,11.215
387.500000,1.15812946e-07,+1.15812946E-07,10.410
387.750000,1.14905297e-07,+1.14905297E-07,10.125
388.000000,1.10669605e-07,+1.10669605E-07,10.207
388.250000,1.10669605e-07,+1.10669605E-07,11.479
388.531000,1.14905297e-07,+1.14905297E-07,10.077
388.781000,1.14905297e-07,+1.14905297E-07,10.129
389.047000,1.10266206e-07,+1.10266206E-07,11.011
389.297000,1.10266187e-07,+1.10266187E-07,11.435
389.547000,1.10266187e-07,+1.10266187E-07,10.726
389.797000,1.20956267e-07,+1.20956267E-07,11.175
390.047000,1.20956267e-07,+1.20956267E-07,10.477
390.312000,1.14602729e-07,+1.14602729E-07,10.973
390.562000,1.10165337e-07,+1.10165337E-07,10.398
390.844000,1.10165337e-07,+1.10165337E-07,11.157
391.094000,1.11577235e-07,+1.11577235E-07,11.419
391.344000,1.11577235e-07,+1.11577235E-07,10.692
391.594000,1.17729073e-07,+1.17729073E-07,10.629
391.844000,1.12787432e-07,+1.12787432E-07,10.120
392.094000,1.12787432e-07,+1.12787432E-07,10.693
392.344000,1.15913776e-07,+1.15913776E-07,10.893
392.594000,1.15913776e-07,+1.15913776E-07,11.532
392.844000,1.16720575e-07,+1.16720575E-07,10.627
393.094000,1.12384033e-07,+1.12384033E-07,20.700
393.375000,1.12384033e-07,+1.12384033E-07,11.208
393.625000,1.17023117e-07,+1.17023117E-07,11.660
393.875000,1.17023117e-07,+1.17023117E-07,10.132
394.125000,1.18334165e-07,+1.18334165E-07,10.702
394.375000,1.15006121e-07,+1.15006121E-07,22.042
394.640000,1.15006121e-07,+1.15006121E-07,10.645
394.890000,1.16821418e-07,+1.16821418E-07,11.186
395.140000,1.16821418e-07,+1.16821418E-07,11.291
395.375000,1.2065371e-07,+1.20653710E-07,10.092
395.656000,1.2065371e-07,+1.20653710E-07,21.844
395.890000,1.12182326e-07,+1.12182326E-07,10.803
396.140000,1.18132465e-07,+1.18132465E-07,11.852
396.422000,1.18132465e-07,+1.18132465E-07,11.413
396.672000,1.11072979e-07,+1.11072979E-07,10.728
396.922000,1.11072979e-07,+1.11072979E-07,15.511
397.172000,1.11879777e-07,+1.11879777E-07,10.578
397.422000,1.15207821e-07,+1.15207821E-07,10.969
397.672000,1.15207821e-07,+1.15207821E-07,10.745
397.937000,1.05324578e-07,+1.05324578E-07,10.077
398.172000,1.05324578e-07,+1.05324578E-07,10.837
398.453000,1.13190864e-07,+1.13190864E-07,10.121
398.734000,1.15812959e-07,+1.15812959E-07,10.598
398.984000,1.15812959e-07,+1.15812959E-07,10.284
399.234000,1.04719479e-07,+1.04719479E-07,11.126
399.484000,1.10568769e-07,+1.10568769E-07,17.700
399.750000,1.10568769e-07,+1.10568769E-07,10.837
400.000000,1.16720608e-07,+1.16720608E-07,10.314
400.250000,1.16720608e-07,+1.16720608E-07,10.288
400.500000,1.13190864e-07,+1.13190864E-07,10.792
400.750000,1.13190864e-07,+1.13190864E-07,11.306
401.000000,1.09156871e-07,+1.09156871E-07,10.847
401.250000,1.18737604e-07,+1.18737604E-07,10.844
401.515000,1.18737604e-07,+1.18737604E-07,10.999
401.765000,1.17124007e-07,+1.17124007E-07,10.289
402.015000,1.17124007e-07,+1.17124007E-07,10.833
402.265000,1.00080445e-07,+1.00080445E-07,10.214
402.515000,1.0996373e-07,+1.09963730E-07,10.967
402.781000,1.0996373e-07,+1.09963730E-07,12.530
403.031000,1.11375628e-07,+1.11375628E-07,11.726
403.281000,1.11375628e-07,+1.11375628E-07,10.448
403.547000,1.16216421e-07,+1.16216421E-07,10.750
403.812000,1.10669679e-07,+1.10669679E-07,11.187
404.094000,1.10669679e-07,+1.10669679E-07,11.682
404.344000,1.11274778e-07,+1.11274778E-07,11.571
404.609000,1.10972229e-07,+1.10972229E-07,10.843
404.875000,1.10972229e-07,+1.10972229E-07,10.619
405.125000,1.19141066e-07,+1.19141066E-07,11.786
405.375000,1.19141066e-07,+1.19141066E-07,10.813
405.625000,1.09358631e-07,+1.09358631E-07,11.518
405.875000,1.11173928e-07,+1.11173928E-07,16.762
406.125000,1.11173928e-07,+1.11173928E-07,11.303
406.375000,1.14300348e-07,+1.14300348E-07,11.213
406.640000,1.14300348e-07,+1.14300348E-07,11.481
406.906000,1.11174002e-07,+1.11174002E-07,11.659
407.172000,1.16115646e-07,+1.16115646E-07,11.103
407.453000,1.16115646e-07,+1.16115646E-07,11.337
407.703000,1.16922445e-07,+1.16922445E-07,10.669
407.953000,1.16922445e-07,+1.16922445E-07,10.426
408.203000,1.10972302e-07,+1.10972302E-07,11.945
408.453000,1.10064653e-07,+1.10064653E-07,10.632
408.719000,1.10064653e-07,+1.10064653E-07,11.600
409.000000,1.09257854e-07,+1.09257854E-07,10.759
409.250000,1.09257854e-07,+1.09257854E-07,11.043
409.484000,1.07946806e-07,+1.07946806E-07,9.956
409.765000,1.17325845e-07,+1.17325845E-07,9.929
410.031000,1.17325845e-07,+1.17325845E-07,11.527
410.297000,1.0401366e-07,+1.04013660E-07,11.179
410.562000,1.16115636e-07,+1.16115636E-07,21.967
410.797000,1.16115636e-07,+1.16115636E-07,11.692
411.078000,1.16720736e-07,+1.16720736E-07,10.501
411.328000,1.16720736e-07,+1.16720736E-07,11.549
411.578000,1.09156995e-07,+1.09156995E-07,10.488
411.828000,1.16216486e-07,+1.16216486E-07,13.236
412.078000,1.16216486e-07,+1.16216486E-07,10.819
412.328000,1.01492404e-07,+1.01492404E-07,11.063
412.594000,1.01492404e-07,+1.01492404E-07,9.912
412.875000,1.10165494e-07,+1.10165494E-07,10.417
413.125000,1.16720736e-07,+1.16720736E-07,11.024
413.375000,1.16720736e-07,+1.16720736E-07,11.537
413.609000,1.1339269e-07,+1.13392690E-07,10.143
413.890000,1.1339269e-07,+1.13392690E-07,10.189
414.172000,1.16519036e-07,+1.16519036E-07,11.362
414.422000,1.18939433e-07,+1.18939433E-07,10.941
414.672000,1.18939433e-07,+1.18939433E-07,10.593
414.922000,1.19141143e-07,+1.19141143E-07,10.393
415.156000,1.19141143e-07,+1.19141143E-07,10.033
415.453000,1.10669753e-07,+1.10669753E-07,12.567
415.703000,1.1309015e-07,+1.13090150E-07,11.212
415.953000,1.1309015e-07,+1.13090150E-07,11.406
416.187000,1.04417061e-07,+1.04417061E-07,11.332
416.469000,1.04417061e-07,+1.04417061E-07,11.313
416.750000,1.10468054e-07,+1.10468054E-07,10.415
417.000000,1.01794964e-07,+1.01794964E-07,10.588
417.250000,1.01794964e-07,+1.01794964E-07,12.841
417.515000,1.07745107e-07,+1.07745107E-07,10.207
417.797000,1.07745107e-07,+1.07745107E-07,17.859
418.047000,1.1369525e-07,+1.13695250E-07,10.810
418.297000,1.06030659e-07,+1.06030659E-07,10.158
418.578000,1.06030659e-07,+1.06030659E-07,10.945
418.828000,1.20149642e-07,+1.20149642E-07,11.502
419.078000,1.0058476e-07,+1.00584760E-07,17.159
419.328000,1.0058476e-07,+1.00584760E-07,11.036
419.594000,1.14098644e-07,+1.14098644E-07,11.430
419.859000,1.14098644e-07,+1.14098644E-07,11.266
420.125000,1.15813092e-07,+1.15813092E-07,11.677
420.406000,1.15712242e-07,+1.15712242E-07,11.471
420.672000,1.15712242e-07,+1.15712242E-07,12.041
420.922000,1.08047651e-07,+1.08047651E-07,10.293
421.156000,1.08047651e-07,+1.08047651E-07,10.874
421.422000,1.19040288e-07,+1.19040288E-07,11.563
421.672000,1.18636888e-07,+1.18636888E-07,11.002
421.937000,1.18636888e-07,+1.18636888E-07,10.585
422.187000,1.11173997e-07,+1.11173997E-07,10.719
422.437000,1.11173997e-07,+1.11173997E-07,11.270
422.687000,1.22670883e-07,+1.22670883E-07,10.819
422.953000,1.20250486e-07,+1.20250486E-07,10.301
423.203000,1.20250486e-07,+1.20250486E-07,10.632
423.453000,1.10669681e-07,+1.10669681E-07,11.269
423.703000,1.10669681e-07,+1.10669681E-07,11.299
423.953000,1.13392626e-07,+1.13392626E-07,10.850
424.203000,1.13493476e-07,+1.13493476E-07,11.568
424.453000,1.13493476e-07,+1.13493476E-07,10.686
424.703000,1.17426621e-07,+1.17426621E-07,10.452
424.953000,1.17426621e-07,+1.17426621E-07,11.123
425.203000,1.13493476e-07,+1.13493476E-07,10.032
425.469000,1.18334269e-07,+1.18334269E-07,13.512
425.734000,1.18334269e-07,+1.18334269E-07,10.576
425.969000,1.1107308e-07,+1.11073080E-07,9.971
426.234000,1.1107308e-07,+1.11073080E-07,11.430
426.515000,1.14199425e-07,+1.14199425E-07,10.296
426.765000,1.09056083e-07,+1.09056083E-07,11.475
427.015000,1.09056083e-07,+1.09056083E-07,10.492
427.297000,1.19847017e-07,+1.19847017E-07,11.192
427.547000,1.19847017e-07,+1.19847017E-07,11.221
427.781000,1.23780073e-07,+1.23780073E-07,9.976
428.047000,1.16720586e-07,+1.16720586E-07,9.916
428.328000,1.16720586e-07,+1.16720586E-07,10.495
428.578000,1.20956278e-07,+1.20956278E-07,11.064
428.828000,1.20956278e-07,+1.20956278E-07,10.536
429.078000,1.15207839e-07,+1.15207839E-07,10.617
429.344000,1.18334183e-07,+1.18334183E-07,10.918
429.594000,1.18334183e-07,+1.18334183E-07,10.404
429.844000,1.2004863e-07,+1.20048630E-07,10.254
430.094000,1.2004863e-07,+1.20048630E-07,10.784
430.359000,1.18636732e-07,+1.18636732E-07,11.138
430.625000,1.1994778e-07,+1.19947780E-07,10.425
430.890000,1.1994778e-07,+1.19947780E-07,12.400
431.140000,1.18939282e-07,+1.18939282E-07,10.416
431.390000,1.18939282e-07,+1.18939282E-07,10.720
431.640000,1.1994778e-07,+1.19947780E-07,11.198
431.906000,1.0482034e-07,+1.04820340E-07,10.632
432.156000,1.0482034e-07,+1.04820340E-07,10.481
432.422000,1.23679258e-07,+1.23679258E-07,11.119
432.687000,1.23679258e-07,+1.23679258E-07,11.295
432.937000,1.15712121e-07,+1.15712121E-07,10.597
433.187000,1.1651892e-07,+1.16518920E-07,11.026
433.437000,1.1651892e-07,+1.16518920E-07,12.615
433.719000,1.15308722e-07,+1.15308722E-07,10.964
433.969000,1.15308722e-07,+1.15308722E-07,10.794
434.219000,1.22771609e-07,+1.22771609E-07,10.827
434.469000,1.26603903e-07,+1.26603903E-07,10.108
434.750000,1.26603903e-07,+1.26603903E-07,11.108
435.000000,1.11375579e-07,+1.11375579E-07,11.727
435.250000,1.11375579e-07,+1.11375579E-07,16.535
435.500000,1.11879828e-07,+1.11879828E-07,11.024
435.781000,1.2206566e-07,+1.22065660E-07,11.405
436.031000,1.2206566e-07,+1.22065660E-07,11.266
436.297000,1.19746164e-07,+1.19746164E-07,10.848
436.578000,1.18334266e-07,+1.18334266E-07,10.339
436.828000,1.18334266e-07,+1.18334266E-07,11.486
437.078000,1.18334266e-07,+1.18334266E-07,10.521
437.328000,1.18334266e-07,+1.18334266E-07,10.730
437.578000,1.09762029e-07,+1.09762029E-07,11.363
437.828000,1.18334266e-07,+1.18334266E-07,10.735
438.078000,1.18334266e-07,+1.18334266E-07,11.050
438.359000,1.2256996e-07,+1.22569960E-07,10.504
438.609000,1.2256996e-07,+1.22569960E-07,10.744
438.859000,1.15207921e-07,+1.15207921E-07,11.234
439.125000,1.10770528e-07,+1.10770528E-07,10.605
439.390000,1.10770528e-07,+1.10770528E-07,10.453
439.640000,1.11173927e-07,+1.11173927E-07,11.347
439.890000,1.11173927e-07,+1.11173927E-07,11.870
440.140000,1.21258912e-07,+1.21258912E-07,10.772
440.375000,1.27209038e-07,+1.27209038E-07,10.201
440.640000,1.27209038e-07,+1.27209038E-07,10.322
440.890000,1.17224904e-07,+1.17224904E-07,10.878
441.156000,1.17224904e-07,+1.17224904E-07,10.029
441.437000,1.20855498e-07,+1.20855498E-07,11.530
441.687000,1.11879862e-07,+1.11879862E-07,10.580
441.937000,1.11879862e-07,+1.11879862E-07,10.330
442.203000,1.18838501e-07,+1.18838501E-07,10.938
442.484000,1.18838501e-07,+1.18838501E-07,11.175
442.719000,1.14703658e-07,+1.14703658E-07,10.307
442.984000,1.13594309e-07,+1.13594309E-07,11.681
443.234000,1.13594309e-07,+1.13594309E-07,11.130
443.500000,1.16922354e-07,+1.16922354E-07,11.553
443.765000,1.16922354e-07,+1.16922354E-07,11.084
444.031000,1.1319091e-07,+1.13190910E-07,10.286
444.297000,1.22569945e-07,+1.22569945E-07,10.974
444.578000,1.22569945e-07,+1.22569945E-07,10.852
444.828000,1.31747334e-07,+1.31747334E-07,11.601
445.078000,1.09156965e-07,+1.09156965E-07,11.424
445.328000,1.09156965e-07,+1.09156965E-07,11.326
445.578000,1.18233452e-07,+1.18233452E-07,10.574
445.859000,1.18233452e-07,+1.18233452E-07,11.386
446.109000,1.16519005e-07,+1.16519005E-07,10.681
446.359000,1.14300308e-07,+1.14300308E-07,10.887
446.609000,1.14300308e-07,+1.14300308E-07,11.308
446.875000,1.15308806e-07,+1.15308806E-07,10.866
447.156000,1.15308806e-07,+1.15308806E-07,11.356
447.406000,1.22166597e-07,+1.22166597E-07,11.605
447.656000,1.16821554e-07,+1.16821554E-07,10.709
447.922000,1.16821554e-07,+1.16821554E-07,11.459
448.172000,1.23881045e-07,+1.23881045E-07,10.834
448.437000,1.23881045e-07,+1.23881045E-07,10.806
448.687000,1.17023254e-07,+1.17023254E-07,10.820
448.953000,1.17325783e-07,+1.17325783E-07,10.487
449.234000,1.17325783e-07,+1.17325783E-07,11.004
449.484000,1.10266293e-07,+1.10266293E-07,10.644
449.750000,1.23881024e-07,+1.23881024E-07,11.586
450.031000,1.23881024e-07,+1.23881024E-07,10.312
450.281000,1.15510486e-07,+1.15510486E-07,10.562
450.531000,1.15510486e-07,+1.15510486E-07,10.185
450.797000,1.13493489e-07,+1.13493489E-07,11.640
451.078000,1.09862894e-07,+1.09862894E-07,10.520
451.328000,1.09862894e-07,+1.09862894E-07,10.976
451.578000,1.21057228e-07,+1.21057228E-07,10.391
451.812000,1.21057228e-07,+1.21057228E-07,9.916
452.094000,1.14703687e-07,+1.14703687E-07,10.986
452.359000,1.14098588e-07,+1.14098588E-07,11.062
452.625000,1.14098588e-07,+1.14098588E-07,10.596
452.890000,1.10972242e-07,+1.10972242E-07,10.599
453.156000,1.09257718e-07,+1.09257718E-07,13.615
453.406000,1.09257718e-07,+1.09257718E-07,10.830
453.687000,1.12787462e-07,+1.12787462E-07,11.679
453.937000,1.12787462e-07,+1.12787462E-07,11.376
454.187000,1.13493411e-07,+1.13493411E-07,10.724
454.437000,1.12888312e-07,+1.12888312E-07,10.488
454.719000,1.12888312e-07,+1.12888312E-07,11.169
454.953000,1.07946671e-07,+1.07946671E-07,10.655
455.219000,1.07946671e-07,+1.07946671E-07,10.393
455.500000,1.15409558e-07,+1.15409558E-07,11.475
455.750000,1.05022026e-07,+1.05022026E-07,10.203
456.000000,1.05022026e-07,+1.05022026E-07,10.555
456.250000,1.18334202e-07,+1.18334202E-07,10.796
456.500000,1.18334202e-07,+1.18334202E-07,10.884
456.781000,1.14602759e-07,+1.14602759E-07,10.577
457.031000,1.07240722e-07,+1.07240722E-07,11.326
457.281000,1.07240722e-07,+1.07240722E-07,11.208
457.531000,1.12384114e-07,+1.12384114E-07,10.409
457.812000,1.12384114e-07,+1.12384114E-07,10.793
458.047000,1.1480451e-07,+1.14804510E-07,10.411
458.328000,1.07442472e-07,+1.07442472E-07,10.938
458.578000,1.07442472e-07,+1.07442472E-07,13.143
458.828000,1.20048702e-07,+1.20048702E-07,11.302
459.078000,1.20048702e-07,+1.20048702E-07,11.426
459.328000,1.04416976e-07,+1.04416976E-07,11.191
459.578000,1.18939354e-07,+1.18939354E-07,10.478
459.828000,1.18939354e-07,+1.18939354E-07,10.376
460.078000,1.06030574e-07,+1.06030574E-07,10.913
460.344000,1.06030574e-07,+1.06030574E-07,10.337
460.594000,1.20754651e-07,+1.20754651E-07,11.087
460.844000,1.09762018e-07,+1.09762018E-07,10.909
461.094000,1.09762018e-07,+1.09762018E-07,11.004
461.359000,1.17527456e-07,+1.17527456E-07,10.772
461.640000,1.17527456e-07,+1.17527456E-07,10.701
461.890000,1.14300305e-07,+1.14300305E-07,11.170
462.140000,1.23376793e-07,+1.23376793E-07,10.025
462.406000,1.23376793e-07,+1.23376793E-07,11.106
462.687000,1.1077056e-07,+1.10770560E-07,11.031
462.937000,1.1077056e-07,+1.10770560E-07,10.365
463.187000,1.12888407e-07,+1.12888407E-07,11.091
463.437000,1.15207954e-07,+1.15207954E-07,11.317
463.687000,1.15207954e-07,+1.15207954E-07,14.483
463.969000,1.16720702e-07,+1.16720702E-07,11.198
464.219000,1.16720702e-07,+1.16720702E-07,16.327
464.500000,1.10165461e-07,+1.10165461E-07,10.953
464.750000,1.16821552e-07,+1.16821552E-07,10.719
465.000000,1.16821552e-07,+1.16821552E-07,10.886
465.250000,1.12384158e-07,+1.12384158E-07,11.478
465.515000,1.12989257e-07,+1.12989257E-07,20.996
465.765000,1.12989257e-07,+1.12989257E-07,11.734
466.047000,1.18132557e-07,+1.18132557E-07,11.920
466.281000,1.18132557e-07,+1.18132557E-07,10.942
466.547000,1.11980717e-07,+1.11980717E-07,11.230
466.828000,1.10871368e-07,+1.10871368E-07,11.624
467.062000,1.10871368e-07,+1.10871368E-07,10.828
467.344000,1.15712161e-07,+1.15712161E-07,11.271
467.594000,1.15712161e-07,+1.15712161E-07,11.259
467.844000,1.13997713e-07,+1.13997713E-07,11.415
468.109000,1.14199413e-07,+1.14199413E-07,10.743
468.390000,1.14199413e-07,+1.14199413E-07,13.158
468.625000,1.25091196e-07,+1.25091196E-07,10.262
468.906000,1.25091196e-07,+1.25091196E-07,10.493
469.156000,1.15813011e-07,+1.15813011E-07,11.372
469.406000,1.10064569e-07,+1.10064569E-07,10.678
469.656000,1.10064569e-07,+1.10064569E-07,10.319
469.906000,1.12787515e-07,+1.12787515E-07,11.476
470.156000,1.12787515e-07,+1.12787515E-07,10.776
470.406000,1.24687772e-07,+1.24687772E-07,11.518
470.656000,1.15510437e-07,+1.15510437E-07,10.665
470.906000,1.15510437e-07,+1.15510437E-07,11.218
471.187000,1.10467946e-07,+1.10467946E-07,10.986
471.437000,1.10467946e-07,+1.10467946E-07,10.863
471.687000,1.11879843e-07,+1.11879843E-07,10.797
471.937000,1.04013556e-07,+1.04013556E-07,11.852
472.172000,1.04013556e-07,+1.04013556E-07,10.130
472.453000,1.18031683e-07,+1.18031683E-07,10.969
472.703000,1.18031683e-07,+1.18031683E-07,10.884
472.953000,1.15913837e-07,+1.15913837E-07,11.172
473.203000,1.1419939e-07,+1.14199390E-07,11.223
473.469000,1.1419939e-07,+1.14199390E-07,10.434
473.719000,1.16619786e-07,+1.16619786E-07,11.913
473.969000,1.16619786e-07,+1.16619786E-07,11.219
474.219000,1.12989191e-07,+1.12989191E-07,10.026
474.469000,1.09761932e-07,+1.09761932E-07,10.835
474.734000,1.09761932e-07,+1.09761932E-07,11.516
474.984000,1.12686577e-07,+1.12686577E-07,11.561
475.250000,1.12686577e-07,+1.12686577E-07,11.347
475.515000,1.05425391e-07,+1.05425391E-07,10.290
475.781000,1.0592964e-07,+1.05929640E-07,11.252
476.015000,1.0592964e-07,+1.05929640E-07,9.934
476.297000,1.1621632e-07,+1.16216320E-07,10.717
476.547000,1.1621632e-07,+1.16216320E-07,11.095
476.797000,1.10064482e-07,+1.10064482E-07,11.645
477.047000,1.15308672e-07,+1.15308672E-07,11.703
477.312000,1.15308672e-07,+1.15308672E-07,11.505
477.594000,1.11476379e-07,+1.11476379E-07,10.604
477.844000,1.11476379e-07,+1.11476379E-07,11.279
478.094000,1.24788554e-07,+1.24788554E-07,10.543
478.344000,1.20754562e-07,+1.20754562E-07,11.186
478.609000,1.20754562e-07,+1.20754562E-07,11.765
478.859000,1.10064523e-07,+1.10064523E-07,10.138
479.109000,1.10064523e-07,+1.10064523E-07,10.825
479.390000,1.15712113e-07,+1.15712113E-07,11.776
479.640000,1.09257724e-07,+1.09257724E-07,10.721
479.890000,1.09257724e-07,+1.09257724E-07,11.926
480.140000,1.09156874e-07,+1.09156874E-07,11.038
480.390000,1.09156874e-07,+1.09156874E-07,11.726
480.640000,1.07240727e-07,+1.07240727E-07,11.058
480.906000,1.11173871e-07,+1.11173871E-07,10.954
481.187000,1.11173871e-07,+1.11173871E-07,11.704
481.437000,1.10165372e-07,+1.10165372E-07,10.187
481.687000,1.10165372e-07,+1.10165372E-07,11.502
481.937000,1.1742656e-07,+1.17426560E-07,10.885
482.203000,1.13291717e-07,+1.13291717E-07,10.476
482.453000,1.13291717e-07,+1.13291717E-07,12.768
482.703000,9.65506459e-08,+9.65506459E-08,11.712
482.969000,9.65506459e-08,+9.65506459E-08,10.488
483.250000,1.15611314e-07,+1.15611314E-07,10.123
483.484000,1.07341626e-07,+1.07341626E-07,11.175
483.765000,1.07341626e-07,+1.07341626E-07,11.034
484.015000,1.07543326e-07,+1.07543326E-07,10.947
484.265000,1.17124061e-07,+1.17124061E-07,10.730
484.547000,1.17124061e-07,+1.17124061E-07,10.744
484.797000,1.1147647e-07,+1.11476470E-07,10.333
485.047000,1.1147647e-07,+1.11476470E-07,11.636
485.281000,1.17426611e-07,+1.17426611E-07,10.197
485.578000,1.14804515e-07,+1.14804515E-07,11.355
485.828000,1.14804515e-07,+1.14804515E-07,10.732
486.078000,1.02803383e-07,+1.02803383E-07,11.850
486.328000,1.02803383e-07,+1.02803383E-07,10.751
486.594000,1.02097434e-07,+1.02097434E-07,10.682
486.844000,1.08955224e-07,+1.08955224E-07,10.690
487.094000,1.08955224e-07,+1.08955224E-07,11.553
487.344000,1.14401153e-07,+1.14401153E-07,11.416
487.594000,1.14401153e-07,+1.14401153E-07,10.315
487.844000,1.14804553e-07,+1.14804553E-07,10.633
488.109000,1.07139963e-07,+1.07139963E-07,11.700
488.359000,1.07139963e-07,+1.07139963E-07,10.095
488.625000,1.1702325e-07,+1.17023250E-07,10.631
488.875000,1.1702325e-07,+1.17023250E-07,11.190
489.125000,1.06232314e-07,+1.06232314E-07,10.142
489.359000,1.06232314e-07,+1.06232314E-07,10.646
489.625000,1.0935866e-07,+1.09358660E-07,10.138
489.906000,1.13493504e-07,+1.13493504E-07,10.792
490.156000,1.13493504e-07,+1.13493504E-07,11.244
490.406000,1.02601719e-07,+1.02601719E-07,11.160
490.672000,1.16519e-07,+1.16519000E-07,11.535
490.922000,1.16519e-07,+1.16519000E-07,11.297
491.172000,1.10770558e-07,+1.10770558E-07,10.980
491.422000,1.10770558e-07,+1.10770558E-07,10.969
491.672000,1.10871448e-07,+1.10871448E-07,10.748
491.922000,1.10871448e-07,+1.10871448E-07,10.668
492.172000,1.089553e-07,+1.08955300E-07,10.275
492.437000,1.11879947e-07,+1.11879947E-07,10.653
492.687000,1.11879947e-07,+1.11879947E-07,11.463
492.969000,1.06837453e-07,+1.06837453E-07,11.260
493.219000,1.11678247e-07,+1.11678247E-07,17.043
493.469000,1.11678247e-07,+1.11678247E-07,10.727
493.734000,1.15409692e-07,+1.15409692E-07,11.331
494.000000,1.15409692e-07,+1.15409692E-07,11.359
494.250000,1.087536e-07,+1.08753600E-07,10.364
494.500000,1.08148501e-07,+1.08148501E-07,11.071
494.750000,1.08148501e-07,+1.08148501E-07,11.220
495.031000,1.02904307e-07,+1.02904307E-07,11.149
495.281000,1.02904307e-07,+1.02904307E-07,10.941
495.547000,1.14098644e-07,+1.14098644E-07,11.372
495.797000,1.1157736e-07,+1.11577360E-07,11.600
496.047000,1.1157736e-07,+1.11577360E-07,11.010
496.297000,1.07039117e-07,+1.07039117E-07,11.334
496.547000,1.07039117e-07,+1.07039117E-07,11.841
496.828000,1.00887275e-07,+1.00887275E-07,10.539
497.078000,1.09661213e-07,+1.09661213E-07,10.758
497.312000,1.09661213e-07,+1.09661213E-07,11.480
497.594000,1.07139966e-07,+1.07139966E-07,11.146
497.844000,1.07139966e-07,+1.07139966E-07,10.259
498.094000,1.08249315e-07,+1.08249315E-07,10.727
498.344000,1.07039117e-07,+1.07039117E-07,11.338
498.578000,1.07039117e-07,+1.07039117E-07,11.316
498.844000,1.15712205e-07,+1.15712205E-07,11.509
499.094000,1.15712205e-07,+1.15712205E-07,11.185
499.344000,1.15308805e-07,+1.15308805E-07,11.088
499.609000,1.1187991e-07,+1.11879910E-07,11.199
499.875000,1.1187991e-07,+1.11879910E-07,10.402
500.140000,1.13795989e-07,+1.13795989E-07,11.271
500.406000,1.13795989e-07,+1.13795989E-07,10.571
500.656000,1.08350098e-07,+1.08350098E-07,10.623
500.922000,1.08854347e-07,+1.08854347E-07,10.408
501.172000,1.08854347e-07,+1.08854347E-07,10.440
501.422000,1.11476443e-07,+1.11476443E-07,10.876
501.672000,1.11476443e-07,+1.11476443E-07,10.261
501.922000,1.03610155e-07,+1.03610155E-07,10.760
502.172000,9.66515168e-08,+9.66515168E-08,10.791
502.422000,9.66515168e-08,+9.66515168E-08,11.024
502.672000,1.04215254e-07,+1.04215254E-07,11.129
502.922000,1.04215254e-07,+1.04215254E-07,10.848
503.187000,1.06534801e-07,+1.06534801E-07,10.422
503.453000,1.04517804e-07,+1.04517804E-07,10.658
503.703000,1.04517804e-07,+1.04517804E-07,10.556
503.953000,1.09056047e-07,+1.09056047E-07,10.410
504.203000,1.09056047e-07,+1.09056047E-07,11.663
504.453000,1.06131423e-07,+1.06131423E-07,10.762
504.719000,1.03206777e-07,+1.03206777E-07,21.675
504.953000,1.03206777e-07,+1.03206777E-07,10.252
505.203000,1.12182413e-07,+1.12182413E-07,10.557
505.453000,1.12182413e-07,+1.12182413E-07,11.825
505.703000,1.03105927e-07,+1.03105927E-07,11.316
505.953000,1.03105927e-07,+1.03105927E-07,10.140
506.187000,1.16216407e-07,+1.16216407E-07,10.717
506.469000,1.15611308e-07,+1.15611308E-07,11.099
506.719000,1.15611308e-07,+1.15611308E-07,11.249
506.969000,1.11274765e-07,+1.11274765E-07,10.399
507.234000,1.11274765e-07,+1.11274765E-07,10.615
507.484000,1.11678164e-07,+1.11678164E-07,11.290
507.734000,1.05022074e-07,+1.05022074E-07,11.415
508.015000,1.05022074e-07,+1.05022074E-07,10.419
508.265000,1.08148419e-07,+1.08148419E-07,10.351
508.547000,1.10770523e-07,+1.10770523E-07,16.776
508.797000,1.10770523e-07,+1.10770523E-07,10.400
509.047000,9.86685416e-08,+9.86685416E-08,10.271
509.312000,9.86685416e-08,+9.86685416E-08,11.085
509.562000,1.10165424e-07,+1.10165424E-07,9.976
509.812000,1.00181289e-07,+1.00181289E-07,18.453
510.078000,1.00181289e-07,+1.00181289E-07,11.113
510.344000,1.08652677e-07,+1.08652677E-07,11.560
510.594000,1.08652677e-07,+1.08652677E-07,10.450
510.844000,1.10266274e-07,+1.10266274E-07,11.357
511.094000,1.02299136e-07,+1.02299136E-07,21.308
511.344000,1.02299136e-07,+1.02299136E-07,9.930
511.609000,1.12384121e-07,+1.12384121E-07,10.955
511.859000,1.12384121e-07,+1.12384121E-07,10.125
512.125000,1.0613143e-07,+1.06131430E-07,11.141
512.390000,1.03206785e-07,+1.03206785E-07,11.237
512.640000,1.03206785e-07,+1.03206785E-07,10.781
512.922000,1.04618716e-07,+1.04618716E-07,10.239
513.172000,1.04618716e-07,+1.04618716E-07,10.021
513.422000,1.0199662e-07,+1.01996620E-07,11.280
513.672000,1.13190954e-07,+1.13190954E-07,11.410
513.922000,1.13190954e-07,+1.13190954E-07,10.915
514.172000,1.04517866e-07,+1.04517866E-07,10.816
514.422000,1.04517866e-07,+1.04517866E-07,10.856
514.672000,9.6651577e-08,+9.66515770E-08,11.224
514.922000,9.94753731e-08,+9.94753731E-08,14.671
515.172000,9.94753731e-08,+9.94753731E-08,10.490
515.422000,1.07139963e-07,+1.07139963E-07,10.384
515.672000,1.07139963e-07,+1.07139963E-07,10.327
515.922000,1.06837413e-07,+1.06837413E-07,10.427
516.187000,1.06837413e-07,+1.06837413E-07,15.906
516.437000,9.81643249e-08,+9.81643249E-08,11.184
516.703000,1.0199662e-07,+1.01996620E-07,10.796
516.984000,1.0199662e-07,+1.01996620E-07,10.618
517.234000,1.02601773e-07,+1.02601773E-07,11.014
517.484000,1.02500923e-07,+1.02500923E-07,14.062
517.734000,1.02500923e-07,+1.02500923E-07,10.099
517.984000,9.54414314e-08,+9.54414314E-08,11.477
518.234000,9.54414314e-08,+9.54414314E-08,11.153
518.515000,1.08047667e-07,+1.08047667E-07,11.215
518.765000,1.03912822e-07,+1.03912822E-07,13.033
519.015000,1.03912822e-07,+1.03912822E-07,11.668
519.281000,1.09257866e-07,+1.09257866E-07,11.609
519.547000,1.09257866e-07,+1.09257866E-07,11.320
519.812000,1.09358716e-07,+1.09358716E-07,10.938
520.078000,1.00181376e-07,+1.00181376E-07,11.264
520.328000,1.00181376e-07,+1.00181376E-07,10.759
520.578000,1.04517921e-07,+1.04517921E-07,10.209
520.844000,1.04517921e-07,+1.04517921E-07,10.990
521.094000,9.43320826e-08,+9.43320826E-08,11.242
521.359000,9.94755005e-08,+9.94755005E-08,10.953
521.640000,9.94755005e-08,+9.94755005E-08,11.940
521.890000,1.1258599e-07,+1.12585990E-07,10.970
522.140000,1.1258599e-07,+1.12585990E-07,11.092
522.422000,9.73576522e-08,+9.73576522E-08,11.828
522.672000,1.01290799e-07,+1.01290799E-07,10.623
522.906000,1.01290799e-07,+1.01290799E-07,12.236
523.187000,1.02097598e-07,+1.02097598E-07,10.737
523.437000,1.02097598e-07,+1.02097598E-07,16.218
523.719000,1.06837544e-07,+1.06837544E-07,10.383
523.953000,1.06534995e-07,+1.06534995E-07,10.105
524.219000,1.06534995e-07,+1.06534995E-07,10.679
524.500000,9.53406539e-08,+9.53406539E-08,10.408
524.750000,1.02702698e-07,+1.02702698E-07,11.043
524.984000,1.02702698e-07,+1.02702698E-07,10.473
525.265000,9.04998578e-08,+9.04998578E-08,11.531
525.515000,9.04998578e-08,+9.04998578E-08,10.895
525.750000,8.71718028e-08,+8.71718028E-08,11.372
526.015000,7.31536648e-08,+7.31536648E-08,11.981
526.297000,7.31536648e-08,+7.31536648E-08,11.336
526.547000,9.90720927e-08,+9.90720927E-08,11.185
526.797000,9.90720927e-08,+9.90720927E-08,10.965
527.047000,1.00282292e-07,+1.00282292E-07,9.998
527.297000,1.0280354e-07,+1.02803540E-07,20.731
527.547000,1.0280354e-07,+1.02803540E-07,10.819
527.812000,1.10064733e-07,+1.10064733E-07,10.116
528.062000,1.10064733e-07,+1.10064733E-07,11.251
528.344000,9.79627437e-08,+9.79627437E-08,11.284
528.594000,1.0169419e-07,+1.01694190E-07,10.260
528.844000,1.0169419e-07,+1.01694190E-07,10.562
529.094000,9.72567943e-08,+9.72567943E-08,11.646
529.344000,9.72567943e-08,+9.72567943E-08,11.071
529.609000,9.6449995e-08,+9.64499950E-08,11.116
529.859000,9.88703241e-08,+9.88703241E-08,10.950
530.140000,9.88703241e-08,+9.88703241E-08,10.427
530.390000,9.66516267e-08,+9.66516267E-08,10.707
530.640000,9.66516267e-08,+9.66516267E-08,10.973
530.922000,9.66516267e-08,+9.66516267E-08,10.736
531.172000,9.49371786e-08,+9.49371786E-08,11.434
531.422000,9.49371786e-08,+9.49371786E-08,11.249
531.672000,9.75592756e-08,+9.75592756E-08,10.913
531.922000,9.75592756e-08,+9.75592756E-08,11.466
532.172000,1.06736615e-07,+1.06736615E-07,11.255
532.422000,1.04316218e-07,+1.04316218E-07,10.075
532.672000,1.04316218e-07,+1.04316218E-07,10.026
532.937000,1.01593271e-07,+1.01593271E-07,11.087
533.219000,1.01593271e-07,+1.01593271E-07,11.117
533.469000,9.57439777e-08,+9.57439777E-08,11.207
533.734000,1.00282223e-07,+1.00282223E-07,10.085
534.000000,1.00282223e-07,+1.00282223E-07,11.073
534.250000,1.23477657e-07,+1.23477657E-07,10.789
534.531000,1.23477657e-07,+1.23477657E-07,16.316
534.781000,1.06938279e-07,+1.06938279E-07,11.135
535.031000,1.05324681e-07,+1.05324681E-07,10.066
535.281000,1.05324681e-07,+1.05324681E-07,11.321
535.531000,1.06534879e-07,+1.06534879E-07,10.382
535.797000,1.06534879e-07,+1.06534879E-07,16.721
536.062000,1.0592978e-07,+1.05929780E-07,11.381
536.328000,1.01290686e-07,+1.01290686E-07,10.426
536.609000,1.01290686e-07,+1.01290686E-07,10.735
536.859000,9.78617904e-08,+9.78617904E-08,11.173
537.094000,9.98787877e-08,+9.98787877E-08,11.319
537.375000,9.98787877e-08,+9.98787877E-08,11.570
537.625000,9.82651898e-08,+9.82651898E-08,10.332
537.875000,9.82651898e-08,+9.82651898E-08,10.456
538.125000,1.03005134e-07,+1.03005134E-07,11.048
538.390000,1.09459404e-07,+1.09459404E-07,11.847
538.640000,1.09459404e-07,+1.09459404E-07,9.990
538.922000,1.04618613e-07,+1.04618613E-07,10.217
539.172000,1.04618613e-07,+1.04618613E-07,11.861
539.422000,1.03509265e-07,+1.03509265E-07,11.741
539.672000,9.97778217e-08,+9.97778217E-08,10.838
539.922000,9.97778217e-08,+9.97778217E-08,11.013
540.172000,1.07543258e-07,+1.07543258E-07,11.719
540.422000,1.07543258e-07,+1.07543258E-07,10.517
540.672000,1.03408415e-07,+1.03408415E-07,10.475
540.922000,9.7962525e-08,+9.79625250E-08,22.138
541.172000,9.7962525e-08,+9.79625250E-08,11.755
541.453000,1.02399917e-07,+1.02399917E-07,10.700
541.703000,1.02399917e-07,+1.02399917E-07,11.300
541.937000,1.08854305e-07,+1.08854305E-07,10.812
542.219000,1.02198217e-07,+1.02198217E-07,10.731
542.484000,1.02198217e-07,+1.02198217E-07,10.958
542.734000,1.06333053e-07,+1.06333053E-07,11.847
542.984000,1.06333053e-07,+1.06333053E-07,11.024
543.250000,9.6550621e-08,+9.65506210E-08,11.807
543.500000,1.0239991e-07,+1.02399910E-07,10.797
543.765000,1.0239991e-07,+1.02399910E-07,10.373
544.015000,1.00382914e-07,+1.00382914E-07,10.460
544.265000,1.00382914e-07,+1.00382914E-07,10.096
544.547000,1.08854298e-07,+1.08854298E-07,11.378
544.797000,1.00584614e-07,+1.00584614E-07,10.580
545.047000,1.00584614e-07,+1.00584614E-07,10.207
545.297000,1.10972145e-07,+1.10972145E-07,10.570
545.547000,1.10972145e-07,+1.10972145E-07,11.200
545.797000,1.04719456e-07,+1.04719456E-07,10.408
546.047000,1.04820306e-07,+1.04820306E-07,10.680
546.281000,1.04820306e-07,+1.04820306E-07,10.210
546.531000,1.0250076e-07,+1.02500760E-07,10.494
546.812000,1.0250076e-07,+1.02500760E-07,11.542
547.062000,1.11577244e-07,+1.11577244E-07,11.072
547.328000,1.0300501e-07,+1.03005010E-07,10.323
547.594000,1.0300501e-07,+1.03005010E-07,10.010
547.859000,1.0814835e-07,+1.08148350E-07,10.675
548.109000,1.0814835e-07,+1.08148350E-07,11.245
548.359000,1.0814835e-07,+1.08148350E-07,11.532
548.625000,1.07744951e-07,+1.07744951E-07,11.704
548.859000,1.07744951e-07,+1.07744951E-07,11.388
549.140000,1.0814835e-07,+1.08148350E-07,10.987
549.390000,1.0814835e-07,+1.08148350E-07,10.378
549.656000,1.084509e-07,+1.08450900E-07,10.516
549.906000,1.13392541e-07,+1.13392541E-07,10.561
550.156000,1.13392541e-07,+1.13392541E-07,10.934
550.422000,9.54412736e-08,+9.54412736E-08,10.815
550.703000,9.54412736e-08,+9.54412736E-08,15.813
550.969000,1.07240702e-07,+1.07240702E-07,11.353
551.234000,1.11072951e-07,+1.11072951E-07,11.231
551.515000,1.11072951e-07,+1.11072951E-07,11.116
551.781000,9.96769244e-08,+9.96769244E-08,11.316
552.031000,9.84667268e-08,+9.84667268E-08,10.747
552.265000,9.84667268e-08,+9.84667268E-08,11.174
552.547000,1.10165303e-07,+1.10165303E-07,10.864
552.797000,1.10165303e-07,+1.10165303E-07,10.856
553.047000,1.06232161e-07,+1.06232161E-07,10.297
553.297000,9.97777742e-08,+9.97777742E-08,11.133
553.547000,9.97777742e-08,+9.97777742E-08,10.976
553.797000,1.04719414e-07,+1.04719414E-07,10.701
554.047000,1.04719414e-07,+1.04719414E-07,10.979
554.297000,1.04820264e-07,+1.04820264E-07,10.571
554.547000,1.06433861e-07,+1.06433861E-07,18.228
554.812000,1.06433861e-07,+1.06433861E-07,10.311
555.062000,1.10064454e-07,+1.10064454E-07,11.385
555.328000,1.10064454e-07,+1.10064454E-07,11.560
555.594000,1.11173822e-07,+1.11173822E-07,10.707
555.875000,9.98786442e-08,+9.98786442E-08,11.662
556.109000,9.98786442e-08,+9.98786442E-08,10.689
556.390000,1.10669573e-07,+1.10669573E-07,10.207
556.640000,1.10669573e-07,+1.10669573E-07,11.728
556.890000,1.00282043e-07,+1.00282043E-07,10.429
557.140000,1.05929633e-07,+1.05929633E-07,10.558
557.390000,1.05929633e-07,+1.05929633E-07,10.929
557.640000,1.05425384e-07,+1.05425384E-07,10.514
557.890000,1.05425384e-07,+1.05425384E-07,10.657
558.140000,1.01391391e-07,+1.01391391E-07,10.723
558.390000,1.06837281e-07,+1.06837281E-07,11.299
558.640000,1.06837281e-07,+1.06837281E-07,10.562
558.890000,1.01088842e-07,+1.01088842E-07,10.743
559.140000,1.01088842e-07,+1.01088842E-07,10.690
559.390000,1.05223684e-07,+1.05223684E-07,10.889
559.640000,1.05223684e-07,+1.05223684E-07,10.638
559.890000,1.07946603e-07,+1.07946603E-07,9.977
560.140000,1.0966105e-07,+1.09661050E-07,11.254
560.390000,1.0966105e-07,+1.09661050E-07,10.587
560.640000,1.00786268e-07,+1.00786268E-07,9.776
560.890000,1.00786268e-07,+1.00786268E-07,11.069
561.140000,1.03610062e-07,+1.03610062E-07,11.742
561.390000,1.15308638e-07,+1.15308638E-07,11.023
561.640000,1.15308638e-07,+1.15308638E-07,10.254
561.890000,9.87692718e-08,+9.87692718E-08,11.775
562.140000,9.87692718e-08,+9.87692718E-08,10.908
562.390000,1.0461856e-07,+1.04618560E-07,9.984
562.656000,9.65505763e-08,+9.65505763E-08,11.247
562.937000,9.65505763e-08,+9.65505763E-08,11.122
563.187000,1.0441686e-07,+1.04416860E-07,11.079
563.453000,1.0441686e-07,+1.04416860E-07,10.197
563.703000,1.01088817e-07,+1.01088817E-07,11.410
563.953000,1.03710852e-07,+1.03710852E-07,10.412
564.203000,1.03710852e-07,+1.03710852E-07,10.454
564.469000,9.85675137e-08,+9.85675137E-08,11.419
564.750000,9.85675137e-08,+9.85675137E-08,10.754
565.000000,9.83658142e-08,+9.83658142E-08,11.192
565.250000,1.02198105e-07,+1.02198105E-07,10.054
565.515000,1.02198105e-07,+1.02198105E-07,9.796
565.781000,1.00685359e-07,+1.00685359E-07,11.814
566.078000,9.52394713e-08,+9.52394713E-08,11.714
566.328000,9.52394713e-08,+9.52394713E-08,10.358
566.562000,9.59454197e-08,+9.59454197E-08,12.125
566.828000,9.59454197e-08,+9.59454197E-08,11.099
567.109000,9.95760114e-08,+9.95760114E-08,11.522
567.359000,1.0018111e-07,+1.00181110E-07,10.905
567.609000,1.0018111e-07,+1.00181110E-07,10.618
567.859000,1.0008026e-07,+1.00080260E-07,11.325
568.109000,1.0008026e-07,+1.00080260E-07,10.532
568.359000,1.04316021e-07,+1.04316021E-07,10.584
568.609000,1.01189677e-07,+1.01189677E-07,16.195
568.875000,1.01189677e-07,+1.01189677E-07,10.694
569.109000,1.03206673e-07,+1.03206673E-07,10.199
569.375000,1.03206673e-07,+1.03206673E-07,11.101
569.640000,1.00987978e-07,+1.00987978E-07,10.553
569.906000,1.06635567e-07,+1.06635567E-07,10.419
570.156000,1.06635567e-07,+1.06635567E-07,10.906
570.422000,1.13896752e-07,+1.13896752E-07,9.781
570.687000,1.13896752e-07,+1.13896752E-07,11.674
570.937000,9.6853136e-08,+9.68531360E-08,11.120
571.203000,1.06131318e-07,+1.06131318E-07,10.478
571.484000,1.06131318e-07,+1.06131318E-07,9.970
571.734000,1.06433867e-07,+1.06433867E-07,10.267
571.984000,1.06433867e-07,+1.06433867E-07,10.830
572.234000,9.94752308e-08,+9.94752308E-08,10.468
572.515000,1.01693972e-07,+1.01693972E-07,10.969
572.765000,1.01693972e-07,+1.01693972E-07,10.904
573.031000,1.01290573e-07,+1.01290573E-07,11.763
573.281000,1.04013518e-07,+1.04013518E-07,16.902
573.547000,1.04013518e-07,+1.04013518E-07,10.969
573.797000,1.10165357e-07,+1.10165357E-07,11.853
574.047000,1.10165357e-07,+1.10165357E-07,11.001
574.312000,9.95761256e-08,+9.95761256E-08,10.852
574.562000,1.08955159e-07,+1.08955159E-07,10.794
574.812000,1.08955159e-07,+1.08955159E-07,10.065
575.062000,1.04013518e-07,+1.04013518E-07,10.001
575.328000,1.04013518e-07,+1.04013518E-07,11.307
575.609000,9.88701769e-08,+9.88701769E-08,11.858
575.859000,9.79625285e-08,+9.79625285E-08,11.092
576.109000,9.79625285e-08,+9.79625285E-08,10.951
576.375000,1.0835006e-07,+1.08350060E-07,10.995
576.625000,1.0835006e-07,+1.08350060E-07,10.245
576.875000,1.10467877e-07,+1.10467877E-07,11.084
577.140000,1.02500743e-07,+1.02500743E-07,11.087
577.422000,1.02500743e-07,+1.02500743E-07,10.322
577.672000,1.00887146e-07,+1.00887146E-07,10.783
577.922000,1.00887146e-07,+1.00887146E-07,10.570
578.187000,1.12484874e-07,+1.12484874E-07,10.803
578.453000,1.02500743e-07,+1.02500743E-07,10.422
578.719000,1.02500743e-07,+1.02500743E-07,10.878
579.000000,9.97777978e-08,+9.97777978E-08,11.064
579.250000,1.00584596e-07,+1.00584596E-07,10.498
579.500000,1.00584596e-07,+1.00584596E-07,10.772
579.765000,9.98786476e-08,+9.98786476E-08,10.841
580.015000,9.98786476e-08,+9.98786476E-08,10.911
580.265000,1.08350031e-07,+1.08350031E-07,10.896
580.531000,1.0401349e-07,+1.04013490E-07,10.577
580.781000,1.0401349e-07,+1.04013490E-07,11.292
581.031000,1.07644182e-07,+1.07644182E-07,11.278
581.297000,1.07644182e-07,+1.07644182E-07,11.066
581.562000,1.0199659e-07,+1.01996590E-07,10.798
581.828000,1.0199659e-07,+1.01996590E-07,11.067
582.094000,1.0199659e-07,+1.01996590E-07,11.135
582.328000,1.04921236e-07,+1.04921236E-07,9.926
582.594000,1.04921236e-07,+1.04921236E-07,10.424
582.875000,1.02702539e-07,+1.02702539E-07,10.953
583.125000,9.03988576e-08,+9.03988576E-08,10.927
583.390000,9.03988576e-08,+9.03988576E-08,13.120
583.640000,1.05324635e-07,+1.05324635E-07,11.016
583.890000,1.05324635e-07,+1.05324635E-07,10.584
584.140000,1.07543332e-07,+1.07543332E-07,11.663
584.390000,1.03811888e-07,+1.03811888E-07,10.393
584.625000,1.03811888e-07,+1.03811888E-07,10.665
584.906000,9.9475344e-08,+9.94753440E-08,10.193
585.156000,9.9475344e-08,+9.94753440E-08,11.282
585.406000,9.40294236e-08,+9.40294236E-08,10.625
585.656000,9.54413213e-08,+9.54413213E-08,11.446
585.906000,9.54413213e-08,+9.54413213E-08,11.386
586.156000,9.92736151e-08,+9.92736151E-08,11.143
586.422000,9.92736151e-08,+9.92736151E-08,11.233
586.672000,9.24158262e-08,+9.24158262E-08,10.371
586.922000,9.65506695e-08,+9.65506695E-08,11.755
587.172000,9.65506695e-08,+9.65506695E-08,11.305
587.422000,9.59455705e-08,+9.59455705E-08,10.403
587.672000,9.59455705e-08,+9.59455705E-08,10.501
587.922000,9.69540689e-08,+9.69540689E-08,11.452
588.172000,9.69540689e-08,+9.69540689E-08,10.934
588.422000,9.71557685e-08,+9.71557685E-08,11.152
588.672000,9.40294236e-08,+9.40294236E-08,10.505
588.922000,9.40294236e-08,+9.40294236E-08,11.762
589.172000,9.42311233e-08,+9.42311233E-08,11.388
589.422000,9.42311233e-08,+9.42311233E-08,11.525
589.687000,1.0502203e-07,+1.05022030E-07,10.052
589.937000,9.93744402e-08,+9.93744402E-08,10.773
590.203000,9.93744402e-08,+9.93744402E-08,10.176
590.469000,9.56429967e-08,+9.56429967E-08,11.306
590.719000,9.56429967e-08,+9.56429967E-08,10.674
590.969000,9.66514949e-08,+9.66514949E-08,11.379
591.219000,9.75591434e-08,+9.75591434E-08,10.417
591.469000,9.75591434e-08,+9.75591434E-08,10.940
591.734000,8.72724611e-08,+8.72724611E-08,10.842
592.000000,8.72724611e-08,+8.72724611E-08,10.584
592.265000,9.44327988e-08,+9.44327988E-08,10.781
592.531000,9.79625427e-08,+9.79625427E-08,10.635
592.797000,9.79625427e-08,+9.79625427E-08,10.442
593.062000,9.30209012e-08,+9.30209012E-08,10.867
593.312000,8.69699117e-08,+8.69699117E-08,12.762
593.562000,8.69699117e-08,+8.69699117E-08,11.743
593.844000,9.06005119e-08,+9.06005119E-08,10.983
594.078000,9.06005119e-08,+9.06005119E-08,9.929
594.344000,9.18107098e-08,+9.18107098E-08,10.179
594.609000,8.42469726e-08,+8.42469726E-08,11.241
594.859000,8.42469726e-08,+8.42469726E-08,10.859
595.109000,9.35251569e-08,+9.35251569E-08,11.174
595.375000,9.35251569e-08,+9.35251569E-08,11.008
595.609000,9.38277064e-08,+9.38277064E-08,10.312
595.875000,8.66673685e-08,+8.66673685E-08,10.286
596.140000,8.66673685e-08,+8.66673685E-08,11.081
596.422000,8.64656689e-08,+8.64656689E-08,11.415
596.672000,8.64656689e-08,+8.64656689E-08,10.780
596.906000,8.12214778e-08,+8.12214778E-08,10.867
597.172000,8.8180116e-08,+8.81801160E-08,11.206
597.453000,8.8180116e-08,+8.81801160E-08,12.758
597.719000,9.12056108e-08,+9.12056108E-08,11.429
597.969000,9.12056108e-08,+9.12056108E-08,11.349
598.219000,8.3339282e-08,+8.33392820E-08,10.188
598.469000,9.00962192e-08,+9.00962192E-08,11.172
598.734000,9.00962192e-08,+9.00962192E-08,12.482
598.984000,9.25166146e-08,+9.25166146E-08,11.412
599.234000,9.25166146e-08,+9.25166146E-08,11.376
599.515000,9.20123655e-08,+9.20123655E-08,10.558
599.765000,9.18106659e-08,+9.18106659E-08,10.666
600.015000,9.18106659e-08,+9.18106659E-08,13.354
600.281000,8.50537287e-08,+8.50537287E-08,11.375
600.562000,8.8583472e-08,+8.85834720E-08,20.909
600.812000,8.8583472e-08,+8.85834720E-08,10.955
601.062000,9.09030176e-08,+9.09030176E-08,10.440
601.312000,9.09030176e-08,+9.09030176E-08,10.773
601.578000,9.17098161e-08,+9.17098161E-08,10.518
601.828000,8.8079223e-08,+8.80792230E-08,10.402
602.094000,8.8079223e-08,+8.80792230E-08,10.383
602.359000,8.4851967e-08,+8.48519670E-08,11.039
602.640000,8.4851967e-08,+8.48519670E-08,11.156
602.890000,9.38275974e-08,+9.38275974E-08,11.087
603.140000,8.95919066e-08,+8.95919066E-08,11.210
603.390000,8.95919066e-08,+8.95919066E-08,10.902
603.625000,8.15239242e-08,+8.15239242E-08,11.118
603.906000,8.15239242e-08,+8.15239242E-08,10.487
604.156000,9.75590392e-08,+9.75590392E-08,10.939
604.406000,8.86842586e-08,+8.86842586E-08,11.552
604.656000,8.86842586e-08,+8.86842586E-08,10.378
604.906000,9.09029538e-08,+9.09029538E-08,10.841
605.156000,9.09029538e-08,+9.09029538E-08,10.654
605.422000,8.89868079e-08,+8.89868079E-08,10.638
605.687000,8.96927564e-08,+8.96927564E-08,10.564
605.969000,8.96927564e-08,+8.96927564E-08,11.197
606.219000,8.70706621e-08,+8.70706621E-08,10.519
606.469000,8.70706621e-08,+8.70706621E-08,10.933
606.719000,8.43476815e-08,+8.43476815E-08,10.911
606.969000,9.56428549e-08,+9.56428549E-08,10.815
607.219000,9.56428549e-08,+9.56428549E-08,10.317
607.469000,9.0499517e-08,+9.04995170E-08,11.364
607.719000,9.0499517e-08,+9.04995170E-08,10.804
607.969000,9.25165123e-08,+9.25165123E-08,11.203
608.219000,9.25165123e-08,+9.25165123E-08,17.065
608.469000,9.19114137e-08,+9.19114137E-08,10.977
608.719000,9.12054653e-08,+9.12054653E-08,10.752
608.969000,9.12054653e-08,+9.12054653E-08,11.352
609.219000,8.60621274e-08,+8.60621274E-08,11.164
609.469000,8.60621274e-08,+8.60621274E-08,10.665
609.719000,8.97935687e-08,+8.97935687E-08,11.152
609.953000,8.4145982e-08,+8.41459820E-08,10.193
610.219000,8.4145982e-08,+8.41459820E-08,10.348
610.469000,8.76757237e-08,+8.76757237E-08,11.712
610.719000,8.76757237e-08,+8.76757237E-08,11.441
610.969000,9.50377523e-08,+9.50377523E-08,10.517
611.219000,8.63646729e-08,+8.63646729E-08,10.913
611.469000,8.63646729e-08,+8.63646729E-08,10.488
611.719000,9.58445504e-08,+9.58445504E-08,10.598
611.984000,9.58445504e-08,+9.58445504E-08,11.046
612.250000,9.56428509e-08,+9.56428509E-08,11.609
612.500000,9.48360528e-08,+9.48360528E-08,10.898
612.750000,9.48360528e-08,+9.48360528E-08,10.276
612.984000,1.05727827e-07,+1.05727827E-07,10.265
613.250000,1.05727827e-07,+1.05727827E-07,10.189
613.500000,9.14071609e-08,+9.14071609E-08,11.369
613.765000,9.13063112e-08,+9.13063112E-08,23.140
614.000000,9.13063112e-08,+9.13063112E-08,10.268
614.250000,9.04995131e-08,+9.04995131E-08,11.070
614.500000,9.04995131e-08,+9.04995131E-08,10.183
614.750000,9.14071609e-08,+9.14071609E-08,10.876
615.000000,9.14071609e-08,+9.14071609E-08,10.568
615.250000,8.61630044e-08,+8.61630044E-08,10.884
615.500000,1.04820213e-07,+1.04820213E-07,10.592
615.750000,1.04820213e-07,+1.04820213E-07,11.136
616.000000,9.25165403e-08,+9.25165403E-08,10.224
616.265000,9.25165403e-08,+9.25165403E-08,11.373
616.547000,8.95918968e-08,+8.95918968E-08,10.995
616.797000,9.04995448e-08,+9.04995448E-08,9.939
617.031000,9.04995448e-08,+9.04995448E-08,10.331
617.297000,8.25324125e-08,+8.25324125E-08,10.986
617.578000,8.25324125e-08,+8.25324125E-08,16.435
617.828000,8.61630044e-08,+8.61630044E-08,10.942
618.094000,9.69539304e-08,+9.69539304E-08,11.458
618.359000,9.69539304e-08,+9.69539304E-08,10.971
618.609000,9.18105919e-08,+9.18105919E-08,10.625
618.890000,9.23148407e-08,+9.23148407E-08,10.835
619.140000,9.23148407e-08,+9.23148407E-08,11.228
619.390000,8.93902227e-08,+8.93902227E-08,10.583
619.640000,8.93902227e-08,+8.93902227E-08,11.010
619.890000,9.38276133e-08,+9.38276133E-08,10.666
620.140000,9.38276133e-08,+9.38276133E-08,16.533
620.390000,7.94060938e-08,+7.94060938E-08,10.548
620.656000,8.83817248e-08,+8.83817248E-08,11.877
620.906000,8.83817248e-08,+8.83817248E-08,11.158
621.156000,8.45494329e-08,+8.45494329E-08,10.667
621.406000,8.45494329e-08,+8.45494329E-08,11.133
621.672000,9.00961712e-08,+9.00961712E-08,10.621
621.922000,8.29358363e-08,+8.29358363E-08,10.415
622.172000,8.29358363e-08,+8.29358363E-08,11.217
622.422000,8.80791755e-08,+8.80791755E-08,11.699
622.672000,8.80791755e-08,+8.80791755E-08,10.771
622.953000,9.3020815e-08,+9.30208150E-08,11.517
623.203000,8.75749265e-08,+8.75749265E-08,10.515
623.453000,8.75749265e-08,+8.75749265E-08,10.953
623.703000,8.99952431e-08,+8.99952431E-08,11.332
623.953000,8.99952431e-08,+8.99952431E-08,11.221
624.187000,8.37425585e-08,+8.37425585E-08,10.262
624.469000,8.81799475e-08,+8.81799475E-08,11.070
624.719000,8.81799475e-08,+8.81799475E-08,13.091
624.984000,8.57595535e-08,+8.57595535E-08,11.035
625.265000,8.57595535e-08,+8.57595535E-08,17.259
625.515000,9.13062898e-08,+9.13062898E-08,10.682
625.781000,7.34558838e-08,+7.34558838E-08,10.193
626.047000,7.34558838e-08,+7.34558838E-08,10.614
626.312000,7.93051694e-08,+7.93051694E-08,11.966
626.578000,8.5557854e-08,+8.55578540E-08,10.413
626.812000,8.5557854e-08,+8.55578540E-08,11.672
627.094000,8.78773983e-08,+8.78773983E-08,11.609
627.328000,8.78773983e-08,+8.78773983E-08,10.415
627.594000,8.76756988e-08,+8.76756988E-08,11.188
627.859000,7.60779749e-08,+7.60779749E-08,11.195
628.125000,7.60779749e-08,+7.60779749E-08,10.194
628.390000,1.01895511e-07,+1.01895511E-07,10.478
628.640000,1.01895511e-07,+1.01895511E-07,10.345
628.922000,8.81799449e-08,+8.81799449E-08,11.204
629.172000,8.09187629e-08,+8.09187629E-08,10.751
629.422000,8.09187629e-08,+8.09187629E-08,11.765
629.687000,9.02977897e-08,+9.02977897E-08,10.066
629.953000,9.02977897e-08,+9.02977897E-08,12.850
630.219000,9.02977897e-08,+9.02977897E-08,10.237
630.484000,9.01969399e-08,+9.01969399E-08,10.081
630.765000,9.01969399e-08,+9.01969399E-08,9.999
631.015000,7.96077162e-08,+7.96077162E-08,10.913
631.250000,7.53720267e-08,+7.53720267E-08,10.855
631.515000,7.53720267e-08,+7.53720267E-08,11.125
631.781000,8.19272604e-08,+8.19272604E-08,10.549
632.062000,8.19272604e-08,+8.19272604E-08,10.560
632.312000,8.32382932e-08,+8.32382932E-08,10.944
632.594000,7.58762619e-08,+7.58762619E-08,11.073
632.859000,7.58762619e-08,+7.58762619E-08,10.742
633.109000,7.88009045e-08,+7.88009045E-08,11.114
633.390000,8.1725547e-08,+8.17255470E-08,11.709
633.625000,8.1725547e-08,+8.17255470E-08,10.325
633.890000,8.31374435e-08,+8.31374435E-08,11.943
634.156000,8.31374435e-08,+8.31374435E-08,11.312
634.422000,8.53561378e-08,+8.53561378E-08,11.424
634.703000,8.16246973e-08,+8.16246973E-08,10.699
634.953000,8.16246973e-08,+8.16246973E-08,10.814
635.203000,8.91884281e-08,+8.91884281E-08,11.426
635.437000,8.91884281e-08,+8.91884281E-08,10.758
635.703000,8.06161999e-08,+8.06161999E-08,10.782
635.984000,7.38592671e-08,+7.38592671E-08,10.177
636.234000,7.38592671e-08,+7.38592671E-08,10.453
636.500000,8.68689565e-08,+8.68689565E-08,11.243
636.750000,8.68689565e-08,+8.68689565E-08,10.689
637.000000,8.3944313e-08,+8.39443130E-08,10.796
637.250000,8.17256179e-08,+8.17256179E-08,11.170
637.500000,8.17256179e-08,+8.17256179E-08,11.383
637.750000,8.0313721e-08,+8.03137210E-08,10.368
638.000000,8.0313721e-08,+8.03137210E-08,10.101
638.250000,8.60621583e-08,+8.60621583E-08,10.436
638.500000,8.84825529e-08,+8.84825529E-08,10.747
638.750000,8.84825529e-08,+8.84825529E-08,11.382
639.000000,8.43477121e-08,+8.43477121E-08,10.235
639.250000,8.43477121e-08,+8.43477121E-08,10.810
639.500000,7.87001246e-08,+7.87001246E-08,10.821
639.750000,7.87001246e-08,+7.87001246E-08,10.695
640.000000,8.41460125e-08,+8.41460125E-08,10.812
640.250000,7.42627344e-08,+7.42627344E-08,11.570
640.500000,7.42627344e-08,+7.42627344E-08,12.418
640.750000,7.27500192e-08,+7.27500192E-08,10.407
641.000000,7.27500192e-08,+7.27500192E-08,10.242
641.250000,8.43477454e-08,+8.43477454E-08,10.710
641.500000,8.50536939e-08,+8.50536939E-08,10.665
641.750000,8.50536939e-08,+8.50536939E-08,11.364
642.000000,7.85993072e-08,+7.85993072E-08,11.768
642.250000,7.85993072e-08,+7.85993072E-08,11.679
642.500000,9.13063811e-08,+9.13063811E-08,10.728
642.781000,9.48361238e-08,+9.48361238E-08,10.673
643.031000,9.48361238e-08,+9.48361238E-08,11.616
643.281000,7.59772126e-08,+7.59772126E-08,11.806
643.515000,7.59772126e-08,+7.59772126E-08,10.558
643.781000,8.70706898e-08,+8.70706898E-08,11.116
644.047000,7.48678649e-08,+7.48678649E-08,11.125
644.312000,7.48678649e-08,+7.48678649E-08,11.082
644.562000,8.43477454e-08,+8.43477454E-08,11.262
644.797000,8.43477454e-08,+8.43477454E-08,10.865
645.062000,8.69699048e-08,+8.69699048E-08,11.903
645.344000,7.59772742e-08,+7.59772742E-08,10.657
645.578000,7.59772742e-08,+7.59772742E-08,11.484
645.844000,9.22140956e-08,+9.22140956E-08,11.647
646.125000,9.22140956e-08,+9.22140956E-08,11.657
646.359000,8.0616366e-08,+8.06163660E-08,10.593
646.640000,8.25325126e-08,+8.25325126E-08,10.476
646.890000,8.25325126e-08,+8.25325126E-08,11.744
647.140000,8.49529084e-08,+8.49529084E-08,10.815
647.390000,8.49529084e-08,+8.49529084E-08,10.246
647.640000,8.54571575e-08,+8.54571575E-08,10.986
647.906000,8.33393112e-08,+8.33393112E-08,11.622
648.172000,8.33393112e-08,+8.33393112E-08,12.955
648.437000,9.0297949e-08,+9.02979490E-08,10.790
648.734000,9.11047476e-08,+9.11047476E-08,20.016
648.969000,9.11047476e-08,+9.11047476E-08,11.019
649.234000,8.41461439e-08,+8.41461439E-08,10.582
649.500000,8.41461439e-08,+8.41461439E-08,10.964
649.765000,8.13223484e-08,+8.13223484E-08,10.773
650.047000,8.19274475e-08,+8.19274475E-08,10.620
650.297000,8.19274475e-08,+8.19274475E-08,10.215
650.547000,8.51546423e-08,+8.51546423E-08,10.649
650.797000,8.51546423e-08,+8.51546423E-08,11.663
651.047000,8.46503931e-08,+8.46503931E-08,11.455
651.297000,8.88860863e-08,+8.88860863E-08,10.756
651.578000,8.88860863e-08,+8.88860863E-08,11.035
651.828000,8.23308468e-08,+8.23308468E-08,10.554
652.078000,8.23308468e-08,+8.23308468E-08,11.155
652.328000,8.50537925e-08,+8.50537925E-08,10.697
652.578000,8.41461439e-08,+8.41461439E-08,11.333
652.828000,8.41461439e-08,+8.41461439E-08,10.471
653.078000,8.09189491e-08,+8.09189491E-08,11.913
653.328000,8.09189491e-08,+8.09189491E-08,10.512
653.609000,8.71715175e-08,+8.71715175E-08,11.431
653.844000,8.22298781e-08,+8.22298781E-08,11.669
654.125000,8.22298781e-08,+8.22298781E-08,11.351
654.375000,7.78933375e-08,+7.78933375E-08,10.823
654.625000,7.78933375e-08,+7.78933375E-08,11.113
654.890000,8.47511227e-08,+8.47511227E-08,11.629
655.156000,8.36417751e-08,+8.36417751E-08,11.119
655.437000,8.36417751e-08,+8.36417751E-08,11.025
655.672000,9.03987105e-08,+9.03987105E-08,11.524
655.953000,9.03987105e-08,+9.03987105E-08,10.835
656.203000,8.30366764e-08,+8.30366764E-08,10.913
656.453000,8.97936118e-08,+8.97936118E-08,11.130
656.687000,8.97936118e-08,+8.97936118E-08,11.201
656.953000,8.7877466e-08,+8.78774660E-08,10.835
657.234000,8.7877466e-08,+8.78774660E-08,22.070
657.500000,8.61630197e-08,+8.61630197E-08,11.005
657.750000,8.7675785e-08,+8.76757850E-08,10.906
658.000000,8.7675785e-08,+8.76757850E-08,11.463
658.250000,8.41460423e-08,+8.41460423E-08,10.735
658.515000,8.78774846e-08,+8.78774846E-08,15.443
658.797000,8.78774846e-08,+8.78774846E-08,11.466
659.047000,8.00112009e-08,+8.00112009E-08,11.380
659.312000,8.00112009e-08,+8.00112009E-08,11.140
659.578000,8.525539e-08,+8.52553900E-08,11.670
659.844000,7.72882565e-08,+7.72882565E-08,10.424
660.125000,7.72882565e-08,+7.72882565E-08,11.350
660.375000,8.55579394e-08,+8.55579394E-08,10.688
660.609000,8.55579394e-08,+8.55579394E-08,10.023
660.875000,8.35409436e-08,+8.35409436E-08,11.125
661.140000,8.48519909e-08,+8.48519909E-08,10.681
661.406000,8.48519909e-08,+8.48519909E-08,10.881
661.687000,7.57755097e-08,+7.57755097E-08,11.625
661.937000,8.43477011e-08,+8.43477011E-08,19.027
662.187000,8.43477011e-08,+8.43477011E-08,10.799
662.469000,8.05154097e-08,+8.05154097E-08,11.918
662.719000,8.05154097e-08,+8.05154097E-08,11.226
662.969000,8.3036654e-08,+8.30366540E-08,10.679
663.219000,7.38593248e-08,+7.38593248E-08,11.178
663.500000,7.38593248e-08,+7.38593248E-08,10.304
663.750000,7.70865175e-08,+7.70865175E-08,10.730
664.031000,7.70865175e-08,+7.70865175E-08,11.468
664.281000,8.19273066e-08,+8.19273066E-08,11.720
664.531000,8.5255349e-08,+8.52553490E-08,10.958
664.781000,8.5255349e-08,+8.52553490E-08,11.018
665.062000,8.06162595e-08,+8.06162595E-08,10.623
665.312000,8.06162595e-08,+8.06162595E-08,10.806
665.562000,7.44644234e-08,+7.44644234E-08,11.548
665.812000,8.34400531e-08,+8.34400531E-08,11.030
666.078000,8.34400531e-08,+8.34400531E-08,11.178
666.328000,7.85992446e-08,+7.85992446E-08,10.886
666.594000,7.85992446e-08,+7.85992446E-08,11.082
666.844000,7.80949958e-08,+7.80949958E-08,10.622
667.109000,8.09187892e-08,+8.09187892E-08,11.686
667.359000,8.09187892e-08,+8.09187892E-08,11.689
667.625000,7.90026437e-08,+7.90026437E-08,11.295
667.890000,7.90026437e-08,+7.90026437E-08,11.175
668.140000,8.19272868e-08,+8.19272868E-08,10.952
668.406000,7.1640611e-08,+7.16406110E-08,10.028
668.672000,7.1640611e-08,+7.16406110E-08,10.545
668.953000,7.94060427e-08,+7.94060427E-08,11.394
669.203000,7.47669536e-08,+7.47669536E-08,10.272
669.469000,7.47669536e-08,+7.47669536E-08,11.353
669.734000,8.33391835e-08,+8.33391835E-08,11.151
670.000000,8.33391835e-08,+8.33391835E-08,11.813
670.265000,8.75748735e-08,+8.75748735E-08,11.478
670.531000,6.75058427e-08,+6.75058427E-08,11.555
670.812000,6.75058427e-08,+6.75058427E-08,16.347
671.078000,8.23307631e-08,+8.23307631E-08,10.266
671.328000,6.79092419e-08,+6.79092419E-08,11.297
671.609000,6.79092419e-08,+6.79092419E-08,10.596
671.859000,7.56746764e-08,+7.56746764E-08,10.877
672.125000,7.56746764e-08,+7.56746764E-08,10.534
672.375000,7.61789254e-08,+7.61789254E-08,11.516
672.625000,7.75908226e-08,+7.75908226E-08,10.778
672.906000,7.75908226e-08,+7.75908226E-08,10.747
673.156000,7.65823246e-08,+7.65823246E-08,11.130
673.422000,7.65823246e-08,+7.65823246E-08,11.133
673.703000,7.80950716e-08,+7.80950716E-08,11.060
673.953000,7.8397621e-08,+7.83976210E-08,10.926
674.203000,7.8397621e-08,+7.83976210E-08,10.572
674.453000,7.52712772e-08,+7.52712772E-08,11.560
674.719000,7.52712772e-08,+7.52712772E-08,19.108
674.969000,7.84984861e-08,+7.84984861E-08,11.448
675.219000,7.42627942e-08,+7.42627942E-08,11.122
675.469000,7.42627942e-08,+7.42627942E-08,11.125
675.719000,7.6985739e-08,+7.69857390E-08,11.463
675.969000,7.6985739e-08,+7.69857390E-08,11.053
676.219000,7.73891382e-08,+7.73891382E-08,11.339
676.469000,7.73891382e-08,+7.73891382E-08,10.784
676.719000,7.73891382e-08,+7.73891382E-08,10.230
676.969000,7.6985739e-08,+7.69857390E-08,11.627
677.219000,7.6985739e-08,+7.69857390E-08,11.405
677.469000,7.30525966e-08,+7.30525966E-08,11.439
677.734000,7.65823398e-08,+7.65823398E-08,11.443
678.000000,7.65823398e-08,+7.65823398E-08,11.179
678.250000,8.38435259e-08,+8.38435259E-08,11.542
678.500000,8.38435259e-08,+8.38435259E-08,10.874
678.750000,7.46661935e-08,+7.46661935E-08,11.147
679.031000,7.53721157e-08,+7.53721157E-08,11.644
679.281000,7.53721157e-08,+7.53721157E-08,10.987
679.547000,7.05313256e-08,+7.05313256E-08,11.199
679.797000,7.05313256e-08,+7.05313256E-08,10.718
680.047000,7.46661672e-08,+7.46661672E-08,11.705
680.297000,7.78933605e-08,+7.78933605E-08,12.080
680.562000,7.78933605e-08,+7.78933605E-08,10.613
680.812000,8.20282021e-08,+8.20282021E-08,10.256
681.078000,8.20282021e-08,+8.20282021E-08,11.427
681.344000,7.83976095e-08,+7.83976095E-08,10.766
681.609000,7.07330252e-08,+7.07330252E-08,11.202
681.875000,7.07330252e-08,+7.07330252E-08,11.173
682.140000,7.4767017e-08,+7.47670170E-08,10.770
682.406000,7.97086568e-08,+7.97086568E-08,10.516
682.687000,7.97086568e-08,+7.97086568E-08,10.962
682.937000,7.68848626e-08,+7.68848626E-08,10.691
683.187000,7.68848626e-08,+7.68848626E-08,11.246
683.437000,7.22457564e-08,+7.22457564E-08,10.940
683.687000,7.82967435e-08,+7.82967435E-08,11.845
683.937000,7.82967435e-08,+7.82967435E-08,11.582
684.203000,8.78774731e-08,+8.78774731E-08,12.412
684.453000,8.78774731e-08,+8.78774731E-08,11.422
684.703000,8.0414589e-08,+8.04145890E-08,11.097
684.969000,7.1943207e-08,+7.19432070E-08,10.338
685.203000,7.1943207e-08,+7.19432070E-08,10.458
685.469000,6.31692756e-08,+6.31692756E-08,11.549
685.719000,6.31692756e-08,+6.31692756E-08,10.604
685.969000,7.23466061e-08,+7.23466061E-08,10.970
686.234000,7.55737993e-08,+7.55737993E-08,23.138
686.500000,7.55737993e-08,+7.55737993E-08,11.944
686.750000,7.3355104e-08,+7.33551040E-08,11.324
686.984000,7.3355104e-08,+7.33551040E-08,11.559
687.250000,7.52712499e-08,+7.52712499E-08,10.891
687.515000,7.25483336e-08,+7.25483336E-08,11.410
687.765000,7.25483336e-08,+7.25483336E-08,11.384
688.031000,7.29517328e-08,+7.29517328E-08,10.306
688.297000,7.29517328e-08,+7.29517328E-08,10.349
688.562000,6.99262388e-08,+6.99262388E-08,12.059
688.844000,7.26491834e-08,+7.26491834E-08,11.220
689.094000,7.26491834e-08,+7.26491834E-08,10.940
689.328000,7.74899738e-08,+7.74899738E-08,10.633
689.609000,7.74899738e-08,+7.74899738E-08,10.792
689.859000,7.27500332e-08,+7.27500332E-08,10.424
690.109000,8.5961357e-08,+8.59613570E-08,10.754
690.375000,8.5961357e-08,+8.59613570E-08,12.884
690.625000,7.47670292e-08,+7.47670292E-08,11.537
690.890000,7.47670292e-08,+7.47670292E-08,10.101
691.156000,7.3859381e-08,+7.38593810E-08,10.983
691.422000,7.64814758e-08,+7.64814758E-08,10.353
691.687000,7.64814758e-08,+7.64814758E-08,10.647
691.937000,7.22458037e-08,+7.22458037E-08,10.964
692.187000,7.22458037e-08,+7.22458037E-08,16.110
692.469000,8.05154881e-08,+8.05154881E-08,10.476
692.719000,8.18265356e-08,+8.18265356E-08,11.166
692.969000,8.18265356e-08,+8.18265356E-08,10.939
693.219000,7.94061402e-08,+7.94061402E-08,10.721
693.484000,7.40611003e-08,+7.40611003E-08,23.005
693.719000,7.40611003e-08,+7.40611003E-08,10.844
693.969000,7.53721478e-08,+7.53721478E-08,11.398
694.219000,7.53721478e-08,+7.53721478E-08,10.389
694.453000,7.7389144e-08,+7.73891440E-08,11.366
694.734000,7.7389144e-08,+7.73891440E-08,10.923
694.984000,7.12373056e-08,+7.12373056E-08,10.832
695.219000,8.73732751e-08,+8.73732751E-08,10.647
695.500000,8.73732751e-08,+8.73732751E-08,12.316
695.750000,7.75908436e-08,+7.75908436E-08,11.217
696.000000,7.75908436e-08,+7.75908436E-08,10.640
696.250000,6.6598204e-08,+6.65982040E-08,11.382
696.500000,7.88010302e-08,+7.88010302E-08,11.770
696.765000,7.88010302e-08,+7.88010302E-08,13.467
697.047000,8.01120777e-08,+8.01120777E-08,10.889
697.312000,8.01120777e-08,+8.01120777E-08,15.766
697.562000,7.47670381e-08,+7.47670381E-08,11.014
697.812000,7.2750042e-08,+7.27500420E-08,10.775
698.094000,7.2750042e-08,+7.27500420E-08,10.569
698.344000,8.57596667e-08,+8.57596667E-08,10.719
698.594000,7.25483424e-08,+7.25483424E-08,11.682
698.859000,7.25483424e-08,+7.25483424E-08,10.132
699.125000,7.14389946e-08,+7.14389946E-08,11.925
699.390000,7.14389946e-08,+7.14389946E-08,10.299
699.640000,7.7893382e-08,+7.78933820E-08,11.565
699.906000,6.43795083e-08,+6.43795083E-08,11.692
700.172000,6.43795083e-08,+6.43795083E-08,10.502
700.453000,7.91035472e-08,+7.91035472E-08,11.379
700.703000,7.91035472e-08,+7.91035472E-08,11.415
700.953000,7.27500106e-08,+7.27500106E-08,10.798
701.234000,8.253244e-08,+8.25324400E-08,11.154
701.484000,8.253244e-08,+8.25324400E-08,11.674
701.734000,7.77925e-08,+7.77925000E-08,10.660
702.000000,7.16406629e-08,+7.16406629E-08,10.733
702.281000,7.16406629e-08,+7.16406629E-08,10.729
702.531000,6.62956241e-08,+6.62956241E-08,12.022
702.781000,6.62956241e-08,+6.62956241E-08,11.091
703.062000,7.74899506e-08,+7.74899506E-08,11.619
703.312000,7.42627574e-08,+7.42627574E-08,10.964
703.562000,7.42627574e-08,+7.42627574E-08,10.296
703.812000,8.00111953e-08,+8.00111953E-08,11.491
704.062000,8.00111953e-08,+8.00111953E-08,10.126
704.344000,8.20281911e-08,+8.20281911E-08,11.175
704.594000,7.08337785e-08,+7.08337785E-08,10.248
704.844000,7.08337785e-08,+7.08337785E-08,11.148
705.094000,5.98411563e-08,+5.98411563E-08,12.098
705.344000,5.98411563e-08,+5.98411563E-08,11.385
705.609000,7.04303795e-08,+7.04303795E-08,11.174
705.875000,7.60779653e-08,+7.60779653E-08,10.903
706.125000,7.60779653e-08,+7.60779653E-08,10.570
706.375000,8.45493439e-08,+8.45493439E-08,11.742
706.609000,8.45493439e-08,+8.45493439E-08,10.192
706.890000,6.87159338e-08,+6.87159338E-08,11.224
707.140000,7.01278303e-08,+7.01278303E-08,11.289
707.390000,7.01278303e-08,+7.01278303E-08,10.920
707.656000,7.94060069e-08,+7.94060069E-08,11.969
707.906000,7.94060069e-08,+7.94060069E-08,10.772
708.156000,8.12213023e-08,+8.12213023E-08,11.111
708.437000,7.17414262e-08,+7.17414262E-08,11.744
708.687000,7.17414262e-08,+7.17414262E-08,11.388
708.937000,7.56745164e-08,+7.56745164E-08,11.769
709.187000,7.56745164e-08,+7.56745164E-08,11.114
709.453000,7.34558226e-08,+7.34558226E-08,10.758
709.719000,7.3657522e-08,+7.36575220E-08,10.788
710.000000,7.3657522e-08,+7.36575220E-08,12.333
710.250000,7.57753662e-08,+7.57753662E-08,10.805
710.500000,7.57753662e-08,+7.57753662E-08,10.172
710.750000,7.32541231e-08,+7.32541231E-08,11.628
711.000000,7.85991584e-08,+7.85991584E-08,10.963
711.265000,7.85991584e-08,+7.85991584E-08,11.259
711.531000,7.45651695e-08,+7.45651695E-08,10.697
711.781000,7.45651695e-08,+7.45651695E-08,11.571
712.031000,7.83974589e-08,+7.83974589E-08,11.460
712.281000,7.48677187e-08,+7.48677187E-08,11.161
712.547000,7.48677187e-08,+7.48677187E-08,10.514
712.797000,7.9809355e-08,+7.98093550E-08,11.326
713.047000,7.9809355e-08,+7.98093550E-08,11.352
713.328000,7.85991366e-08,+7.85991366E-08,10.679
713.578000,7.81957377e-08,+7.81957377E-08,11.227
713.844000,7.81957377e-08,+7.81957377E-08,12.641
714.094000,7.1136258e-08,+7.11362580E-08,11.469
714.375000,7.1136258e-08,+7.11362580E-08,11.516
714.625000,7.64812927e-08,+7.64812927E-08,10.517
714.875000,8.35407724e-08,+8.35407724E-08,11.392
715.125000,8.35407724e-08,+8.35407724E-08,11.869
715.406000,7.52710961e-08,+7.52710961E-08,10.968
715.656000,7.52710961e-08,+7.52710961E-08,15.695
715.906000,7.8094888e-08,+7.80948880E-08,10.935
716.172000,8.42467204e-08,+8.42467204E-08,10.149
716.437000,8.42467204e-08,+8.42467204E-08,11.344
716.703000,8.00110325e-08,+8.00110325E-08,10.799
716.984000,7.92042348e-08,+7.92042348E-08,10.956
717.234000,7.92042348e-08,+7.92042348E-08,10.728
717.515000,7.6783868e-08,+7.67838680E-08,10.354
717.765000,7.6783868e-08,+7.67838680E-08,10.859
718.015000,7.37583763e-08,+7.37583763E-08,11.627
718.281000,7.42626249e-08,+7.42626249E-08,10.525
718.547000,7.42626249e-08,+7.42626249E-08,10.288
718.797000,7.970851e-08,+7.97085100E-08,10.332
719.047000,7.970851e-08,+7.97085100E-08,11.065
719.297000,8.64654415e-08,+8.64654415E-08,11.434
719.547000,7.83974636e-08,+7.83974636E-08,11.364
719.812000,7.83974636e-08,+7.83974636E-08,10.956
720.078000,8.21289034e-08,+8.21289034E-08,10.778
720.328000,8.21289034e-08,+8.21289034E-08,11.502
720.578000,7.44643244e-08,+7.44643244E-08,11.272
720.844000,7.4968573e-08,+7.49685730E-08,11.300
721.109000,7.4968573e-08,+7.49685730E-08,10.954
721.390000,7.48677233e-08,+7.48677233E-08,10.231
721.656000,8.15238226e-08,+8.15238226E-08,11.114
721.906000,8.15238226e-08,+8.15238226E-08,10.696
722.156000,7.62796366e-08,+7.62796366E-08,11.532
722.390000,7.62796366e-08,+7.62796366E-08,10.815
722.672000,8.24314702e-08,+8.24314702E-08,11.531
722.922000,7.85991804e-08,+7.85991804E-08,11.759
723.172000,7.85991804e-08,+7.85991804E-08,10.696
723.422000,8.28348691e-08,+8.28348691E-08,11.097
723.672000,8.28348691e-08,+8.28348691E-08,11.035
723.922000,8.1019574e-08,+8.10195740E-08,11.043
724.172000,8.1019574e-08,+8.10195740E-08,16.618
724.422000,8.43476151e-08,+8.43476151E-08,11.515
724.703000,6.95227046e-08,+6.95227046E-08,11.072
724.953000,6.95227046e-08,+6.95227046E-08,11.350
725.219000,7.63804863e-08,+7.63804863E-08,11.002
725.469000,7.46660409e-08,+7.46660409E-08,13.161
725.719000,7.46660409e-08,+7.46660409E-08,11.210
725.969000,8.92892998e-08,+8.92892998E-08,10.908
726.219000,8.92892998e-08,+8.92892998E-08,11.137
726.469000,7.21448417e-08,+7.21448417E-08,10.757
726.719000,7.21448417e-08,+7.21448417E-08,11.275
726.969000,7.45652358e-08,+7.45652358E-08,11.774
727.234000,8.38434131e-08,+8.38434131E-08,11.516
727.500000,8.38434131e-08,+8.38434131E-08,10.329
727.765000,7.43635363e-08,+7.43635363E-08,10.893
728.031000,8.41459624e-08,+8.41459624E-08,10.499
728.297000,8.41459624e-08,+8.41459624E-08,11.368
728.531000,7.43635363e-08,+7.43635363E-08,11.105
728.797000,7.43635363e-08,+7.43635363E-08,10.660
729.062000,7.78932777e-08,+7.78932777E-08,11.175
729.344000,7.23465412e-08,+7.23465412E-08,11.770
729.594000,7.23465412e-08,+7.23465412E-08,10.911
729.828000,6.75057531e-08,+6.75057531E-08,10.182
730.109000,6.75057531e-08,+6.75057531E-08,10.069
730.359000,6.78083287e-08,+6.78083287E-08,11.865
730.609000,6.76066292e-08,+6.76066292E-08,10.726
730.859000,6.76066292e-08,+6.76066292E-08,10.668
731.109000,7.57754603e-08,+7.57754603E-08,10.910
731.359000,7.57754603e-08,+7.57754603E-08,10.695
731.609000,7.09346715e-08,+7.09346715E-08,11.049
731.859000,7.11363711e-08,+7.11363711E-08,20.233
732.125000,7.11363711e-08,+7.11363711E-08,11.409
732.375000,7.0732972e-08,+7.07329720E-08,11.422
732.625000,7.0732972e-08,+7.07329720E-08,10.326
732.875000,6.80100283e-08,+6.80100283E-08,11.490
733.140000,6.80100283e-08,+6.80100283E-08,23.365
733.375000,7.53720613e-08,+7.53720613E-08,10.595
733.625000,7.81958547e-08,+7.81958547E-08,11.480
733.890000,7.81958547e-08,+7.81958547E-08,10.383
734.140000,6.87159766e-08,+6.87159766E-08,10.705
734.390000,6.87159766e-08,+6.87159766E-08,10.610
734.656000,7.12372587e-08,+7.12372587E-08,11.250
734.922000,7.4363602e-08,+7.43636020E-08,10.511
735.187000,7.4363602e-08,+7.43636020E-08,10.896
735.453000,7.21449068e-08,+7.21449068E-08,10.299
735.734000,6.82117651e-08,+6.82117651E-08,10.483
735.969000,6.82117651e-08,+6.82117651E-08,10.236
736.250000,7.09347093e-08,+7.09347093E-08,10.080
736.484000,7.09347093e-08,+7.09347093E-08,10.495
736.765000,6.76066664e-08,+6.76066664E-08,10.480
737.015000,6.91194132e-08,+6.91194132E-08,10.689
737.265000,6.91194132e-08,+6.91194132E-08,10.588
737.515000,6.39760741e-08,+6.39760741E-08,11.440
737.765000,6.39760741e-08,+6.39760741E-08,11.037
738.015000,7.26491557e-08,+7.26491557E-08,10.776
738.265000,6.80100655e-08,+6.80100655E-08,11.298
738.515000,6.80100655e-08,+6.80100655E-08,11.196
738.765000,6.70015621e-08,+6.70015621E-08,10.273
739.015000,6.70015621e-08,+6.70015621E-08,10.872
739.265000,6.6093914e-08,+6.60939140E-08,11.127
739.531000,7.17415019e-08,+7.17415019E-08,22.879
739.765000,7.17415019e-08,+7.17415019E-08,10.618
740.015000,7.5876343e-08,+7.58763430E-08,10.579
740.265000,7.5876343e-08,+7.58763430E-08,12.738
740.515000,7.46661456e-08,+7.46661456E-08,10.999
740.765000,7.46661456e-08,+7.46661456E-08,11.380
741.031000,6.96236564e-08,+6.96236564E-08,10.853
741.297000,7.17415019e-08,+7.17415019E-08,10.850
741.578000,7.17415019e-08,+7.17415019E-08,11.505
741.812000,6.59930643e-08,+6.59930643E-08,10.786
742.094000,6.43794677e-08,+6.43794677E-08,12.841
742.344000,6.43794677e-08,+6.43794677E-08,10.311
742.594000,6.65981629e-08,+6.65981629E-08,10.318
742.844000,6.65981629e-08,+6.65981629E-08,10.211
743.094000,6.81108991e-08,+6.81108991E-08,10.254
743.344000,6.81108991e-08,+6.81108991E-08,10.891
743.594000,7.03295942e-08,+7.03295942E-08,10.557
743.844000,6.9522796e-08,+6.95227960E-08,11.737
744.094000,6.9522796e-08,+6.95227960E-08,11.217
744.344000,6.90185471e-08,+6.90185471E-08,11.537
744.594000,6.90185471e-08,+6.90185471E-08,11.014
744.859000,6.84134484e-08,+6.84134484E-08,11.714
745.140000,6.76066502e-08,+6.76066502E-08,11.430
745.390000,6.76066502e-08,+6.76066502E-08,11.793
745.640000,7.63805809e-08,+7.63805809E-08,10.650
745.890000,7.63805809e-08,+7.63805809E-08,11.029
746.140000,6.98253453e-08,+6.98253453E-08,11.094
746.390000,6.32701098e-08,+6.32701098E-08,10.990
746.640000,6.32701098e-08,+6.32701098E-08,10.576
746.890000,7.10355426e-08,+7.10355426E-08,11.163
747.140000,7.10355426e-08,+7.10355426E-08,11.778
747.390000,7.85993193e-08,+7.85993193E-08,10.560
747.656000,7.1741533e-08,+7.17415330E-08,11.692
747.906000,7.1741533e-08,+7.17415330E-08,10.884
748.156000,7.60780744e-08,+7.60780744E-08,11.531
748.406000,7.60780744e-08,+7.60780744E-08,11.732
748.640000,5.53030159e-08,+5.53030159E-08,10.632
748.922000,7.88010189e-08,+7.88010189E-08,12.105
749.156000,7.88010189e-08,+7.88010189E-08,10.588
749.437000,6.21608022e-08,+6.21608022E-08,12.082
749.672000,6.21608022e-08,+6.21608022E-08,10.855
749.937000,6.45811973e-08,+6.45811973E-08,10.848
750.219000,6.34718495e-08,+6.34718495E-08,10.765
750.469000,6.34718495e-08,+6.34718495E-08,11.469
750.719000,6.58922447e-08,+6.58922447E-08,10.685
750.969000,6.58922447e-08,+6.58922447E-08,11.081
751.219000,6.29676006e-08,+6.29676006E-08,11.032
751.469000,7.16406088e-08,+7.16406088E-08,11.241
751.719000,7.16406088e-08,+7.16406088E-08,11.262
751.969000,6.92202145e-08,+6.92202145E-08,10.139
752.219000,6.92202145e-08,+6.92202145E-08,10.900
752.469000,6.93210643e-08,+6.93210643E-08,11.034
752.734000,7.20440079e-08,+7.20440079E-08,10.953
753.015000,7.20440079e-08,+7.20440079E-08,10.310
753.265000,7.41618529e-08,+7.41618529E-08,11.441
753.515000,7.41618529e-08,+7.41618529E-08,10.696
753.765000,6.93210643e-08,+6.93210643E-08,10.908
754.015000,6.58921724e-08,+6.58921724E-08,16.079
754.281000,6.58921724e-08,+6.58921724E-08,10.342
754.531000,7.25482567e-08,+7.25482567E-08,10.978
754.781000,7.25482567e-08,+7.25482567E-08,10.366
755.031000,6.66989705e-08,+6.66989705E-08,10.498
755.281000,6.66989705e-08,+6.66989705E-08,15.511
755.547000,6.13539332e-08,+6.13539332E-08,10.015
755.797000,6.43794247e-08,+6.43794247E-08,10.514
756.047000,6.43794247e-08,+6.43794247E-08,10.238
756.297000,6.66989692e-08,+6.66989692E-08,11.500
756.562000,6.66989692e-08,+6.66989692E-08,16.504
756.812000,7.29516544e-08,+7.29516544E-08,11.089
757.078000,7.50694993e-08,+7.50694993E-08,10.193
757.359000,7.50694993e-08,+7.50694993E-08,11.367
757.609000,6.73040678e-08,+6.73040678E-08,11.384
757.859000,7.16406075e-08,+7.16406075E-08,10.693
758.109000,7.16406075e-08,+7.16406075E-08,11.096
758.375000,7.00270113e-08,+7.00270113E-08,10.848
758.640000,7.00270113e-08,+7.00270113E-08,10.344
758.906000,7.02287108e-08,+7.02287108E-08,10.710
759.187000,7.35567529e-08,+7.35567529E-08,11.148
759.422000,7.35567529e-08,+7.35567529E-08,11.076
759.687000,6.98253118e-08,+6.98253118E-08,11.093
759.969000,6.98253118e-08,+6.98253118E-08,11.507
760.219000,6.88167643e-08,+6.88167643E-08,11.778
760.469000,7.01278109e-08,+7.01278109E-08,10.710
760.719000,7.01278109e-08,+7.01278109E-08,12.157
760.969000,7.26490543e-08,+7.26490543E-08,10.803
761.219000,7.26490543e-08,+7.26490543E-08,10.561
761.469000,6.32700289e-08,+6.32700289E-08,11.433
761.719000,6.71023188e-08,+6.71023188E-08,10.611
761.969000,6.71023188e-08,+6.71023188E-08,11.600
762.219000,6.25640807e-08,+6.25640807E-08,10.188
762.469000,6.25640807e-08,+6.25640807E-08,11.072
762.719000,6.30683294e-08,+6.30683294E-08,11.321
762.984000,6.5892122e-08,+6.58921220E-08,11.121
763.250000,6.5892122e-08,+6.58921220E-08,11.625
763.515000,7.20439559e-08,+7.20439559E-08,11.410
763.797000,7.20439559e-08,+7.20439559E-08,10.280
764.047000,6.9724412e-08,+6.97244120E-08,11.662
764.297000,6.40767867e-08,+6.40767867E-08,11.353
764.547000,6.40767867e-08,+6.40767867E-08,11.199
764.797000,6.64971799e-08,+6.64971799E-08,11.050
765.047000,6.64971799e-08,+6.64971799E-08,11.413
765.297000,5.99419484e-08,+5.99419484E-08,12.604
765.547000,6.54886827e-08,+6.54886827E-08,11.175
765.797000,6.54886827e-08,+6.54886827E-08,10.541
766.062000,6.06478964e-08,+6.06478964E-08,10.131
766.328000,6.06478964e-08,+6.06478964E-08,11.164
766.594000,6.09504456e-08,+6.09504456E-08,11.343
766.859000,6.28665901e-08,+6.28665901E-08,10.126
767.125000,6.28665901e-08,+6.28665901E-08,10.718
767.406000,6.78082262e-08,+6.78082262E-08,10.188
767.656000,6.85141742e-08,+6.85141742E-08,12.685
767.906000,6.85141742e-08,+6.85141742E-08,10.348
768.156000,6.81107753e-08,+6.81107753E-08,11.593
768.406000,6.81107753e-08,+6.81107753E-08,10.276
768.656000,5.66139452e-08,+5.66139452E-08,9.783
768.906000,5.66139452e-08,+5.66139452E-08,10.735
769.156000,7.44643484e-08,+7.44643484E-08,10.473
769.406000,6.39759759e-08,+6.39759759E-08,10.866
769.672000,6.39759759e-08,+6.39759759E-08,11.226
769.953000,6.39759759e-08,+6.39759759E-08,11.671
770.203000,6.72031674e-08,+6.72031674E-08,23.701
770.469000,6.72031674e-08,+6.72031674E-08,11.504
770.719000,7.36575505e-08,+7.36575505E-08,11.227
770.969000,7.36575505e-08,+7.36575505E-08,10.418
771.219000,7.82966383e-08,+7.82966383E-08,11.087
771.469000,7.82966383e-08,+7.82966383E-08,10.736
771.719000,6.77074161e-08,+6.77074161E-08,11.394
771.969000,6.94218616e-08,+6.94218616E-08,10.665
772.234000,6.94218616e-08,+6.94218616E-08,11.783
772.515000,6.72031674e-08,+6.72031674E-08,11.476
772.765000,5.42944095e-08,+5.42944095E-08,19.140
773.031000,5.42944095e-08,+5.42944095E-08,10.472
773.281000,6.38751348e-08,+6.38751348E-08,10.312
773.531000,6.38751348e-08,+6.38751348E-08,11.601
773.781000,6.42785338e-08,+6.42785338E-08,10.951
774.031000,6.55895804e-08,+6.55895804E-08,18.494
774.297000,6.55895804e-08,+6.55895804E-08,10.975
774.547000,6.52870311e-08,+6.52870311E-08,10.674
774.797000,6.52870311e-08,+6.52870311E-08,11.377
775.047000,5.2579964e-08,+5.25799640E-08,9.851
775.312000,6.1454741e-08,+6.14547410E-08,10.728
775.594000,6.1454741e-08,+6.14547410E-08,11.251
775.844000,6.58921296e-08,+6.58921296E-08,11.467
776.094000,6.58921296e-08,+6.58921296E-08,11.284
776.344000,6.58921296e-08,+6.58921296E-08,10.670
776.594000,6.10513421e-08,+6.10513421E-08,11.184
776.844000,6.10513421e-08,+6.10513421E-08,10.847
777.094000,6.34716768e-08,+6.34716768E-08,11.078
777.344000,6.34716768e-08,+6.34716768E-08,11.179
